park_date,alien_saucers,dinosaur,expedition_everest,flight_of_passage,kilimanjaro_safaris,navi_river,pirates_of_caribbean,rock_n_rollercoaster,seven_dwarfs_train,slinky_dog,soarin,spaceship_earth,splash_mountain,toy_story_mania,season
2018-06-30,45.833333333333336,,,,25.25,,,,,114.16666666666667,,,13.0,36.199999999999996,regular
2018-07-01,39.5,,,,,,25.0,,,70.88888888888889,33.0,,,39.833333333333336,peak
2018-07-02,21.166666666666668,13.333333333333334,,,,,,,,43.1,36.42857142857143,25.333333333333332,,,peak
2018-07-03,17.666666666666668,,,,,,13.714285714285714,76.33333333333333,,50.53333333333333,,,,31.166666666666668,peak
2018-07-04,,12.285714285714286,,74.25,20.5,49.2,,,,37.25,39.333333333333336,,,23.25,peak
2018-07-05,24.444444444444443,,,,,,12.333333333333334,,,41.2,,,,23.5,peak
2018-07-06,34.41666666666667,,31.666666666666668,,18.75,,13.833333333333334,21.25,,60.833333333333336,21.142857142857142,,,45.75,peak
2018-07-07,29.666666666666668,33.75,16.333333333333332,,,,12.833333333333334,,,40.1,20.0,,,30.0,peak
2018-07-08,,23.8,21.666666666666668,95.0,,,19.6,,26.125,66.6,,,,20.6,peak
2018-07-09,36.16666666666667,,10.9,87.25,14.666666666666666,6.0,,,,,25.666666666666668,,,22.5,peak
2018-07-10,28.875,19.0,,,,,,,,54.458333333333336,8.0,,,22.666666666666668,peak
2018-07-11,14.2,,20.0,,,,24.666666666666668,20.333333333333332,,29.166666666666668,31.75,,,31.0,peak
2018-07-12,,,,94.75,,24.666666666666668,25.666666666666668,,,21.0,19.15,,,25.333333333333332,peak
2018-07-13,24.0,,,,,,15.555555555555555,,,46.0,,,,10.25,peak
2018-07-14,31.0,18.25,15.75,,,20.125,15.125,,27.75,43.166666666666664,19.3125,,,42.125,peak
2018-07-15,26.666666666666668,,,74.58333333333333,26.333333333333332,,22.083333333333332,,,42.875,,,37.333333333333336,25.8,peak
2018-07-16,38.833333333333336,,,,,,29.333333333333332,,,49.0,,15.0,,,peak
2018-07-17,22.75,,,,,,17.25,,,38.375,,,,33.64,peak
2018-07-18,28.599999999999998,,,,,,28.416666666666668,,,50.4,24.333333333333332,,,23.833333333333332,peak
2018-07-19,,,,,,,,,,36.25,,,,24.375,peak
2018-07-20,31.666666666666668,,,,,,,,,45.875,23.0,,,20.61904761904762,peak
2018-07-21,29.0,,,,,,15.666666666666666,39.333333333333336,,53.25,,,,,peak
2018-07-22,,,,,,,23.333333333333332,26.333333333333332,,,,,,,peak
2018-07-23,31.25,,,,,,19.125,,,47.0,,,,,peak
2018-07-24,24.666666666666668,,,,,,,,,39.75,14.666666666666666,,,40.733333333333334,peak
2018-07-25,,,,,,,,36.833333333333336,,,,,,,peak
2018-07-26,22.0,,,,,,11.333333333333334,,,40.33333333333333,15.333333333333334,,,,peak
2018-07-27,,,,,,30.333333333333332,,,,56.2,,,,,peak
2018-07-28,22.5,18.333333333333332,,,,27.666666666666668,24.666666666666668,,,,,,,23.666666666666668,peak
2018-07-29,,15.625,,,,,18.5,,,,,,,14.833333333333334,peak
2018-07-30,25.583333333333332,,,,19.333333333333332,,19.0,,,50.2,,,,33.875,peak
2018-07-31,,,,,,27.0,,,,44.0,28.375,,,22.375,peak
2018-08-01,34.0,,,,,,,,,39.5,20.5,,,27.5,peak
2018-08-02,,27.666666666666668,,,,,9.555555555555555,,,37.0,23.666666666666668,,,54.333333333333336,peak
2018-08-03,44.5,,,,,,,,,46.9,29.5,,,,peak
2018-08-04,,,23.5,,,14.125,,,,39.66666666666667,23.666666666666668,,,,peak
2018-08-05,,,22.833333333333332,64.66666666666667,,,17.9,,,,,,,,peak
2018-08-06,,,11.8,,,,,38.666666666666664,,,,,,,peak
2018-08-07,35.5,,,,,,23.166666666666668,,,,25.0,,,28.4,peak
2018-08-08,,,,,,,6.0,9.0,,,21.666666666666668,,,33.42857142857143,peak
2018-08-09,,,,,18.333333333333332,,,24.625,,46.4,,,,9.625,peak
2018-08-10,27.833333333333332,,,106.44444444444444,,,13.25,,,66.5,34.5,,,17.7,peak
2018-08-11,26.0,19.875,17.75,105.0,,30.666666666666668,,,,74.58333333333333,,,,18.666666666666668,peak
2018-08-12,28.3,,,,,,,,,19.875,34.6,,20.0,21.0,peak
2018-08-13,,,17.0,,,,,,,39.333333333333336,23.666666666666668,,,,peak
2018-08-14,22.0,,,,,,13.2,,,,,,,25.0,peak
2018-08-15,27.875,,,,,,,30.75,,36.77777777777778,,,,24.2,peak
2018-08-16,18.0,,,96.33333333333333,,,16.333333333333332,,,32.583333333333336,21.333333333333332,,31.333333333333332,24.75,peak
2018-08-17,34.833333333333336,,20.833333333333332,,,,9.208333333333334,,31.527777777777782,55.642857142857146,,,20.083333333333336,35.5,peak
2018-08-18,32.833333333333336,,,,10.0,,15.0,,53.666666666666664,42.8,20.666666666666668,,,26.666666666666668,peak
2018-08-19,26.8,,,,,,15.0,,,33.75,27.0,,,27.055555555555554,peak
2018-08-20,32.666666666666664,16.666666666666668,31.222222222222218,82.66666666666667,,,14.75,,,36.52777777777778,25.0,,,,peak
2018-08-21,23.875,22.0,,48.75,,32.666666666666664,,,,37.25,29.6,,,25.457142857142856,value
2018-08-22,,24.1,12.4,71.5,,29.4375,,,43.25,37.98888888888889,,,,20.072916666666668,value
2018-08-23,14.555555555555555,24.666666666666668,36.0,,,37.0,10.0,24.0,35.666666666666664,38.76190476190476,16.666666666666668,,34.3,20.85,value
2018-08-24,17.333333333333332,22.333333333333332,,77.5,,,8.476190476190476,,37.333333333333336,44.5,25.25,,16.166666666666668,21.583333333333332,value
2018-08-25,21.0,24.0,8.833333333333334,68.8,,29.333333333333332,,,,39.25,30.666666666666668,8.75,16.833333333333332,20.375,value
2018-08-26,,13.25,,99.0,,,7.0,33.875,,46.11111111111111,17.0,,,33.0,value
2018-08-27,28.333333333333332,,11.333333333333334,79.33333333333333,9.666666666666666,55.333333333333336,10.75,,,30.93333333333333,18.3,,,30.9,value
2018-08-28,24.333333333333332,,,49.6,,,18.928571428571427,,33.833333333333336,30.416666666666664,12.333333333333334,,26.666666666666668,14.0,value
2018-08-29,24.25,,,,,28.333333333333332,11.0,,,24.833333333333336,,,,22.75,value
2018-08-30,14.333333333333334,,,57.8,,23.0,,,,29.32857142857143,14.35,5.333333333333333,15.2,21.194444444444446,value
2018-08-31,16.5625,,,64.0,,,18.5,14.666666666666666,25.333333333333332,41.71875,18.8,,17.6,17.419999999999998,value
2018-09-01,24.166666666666668,10.625,,65.08333333333333,,,18.0,15.666666666666666,,71.125,23.2,,,19.357142857142858,value
2018-09-02,,,,53.583333333333336,,,,,,81.33333333333333,33.2,,,53.75,value
2018-09-03,30.0,,,,,,8.0,,26.166666666666668,,,,,28.25,value
2018-09-04,19.125,,6.125,55.333333333333336,,30.166666666666668,,,,37.357142857142854,,,,27.93333333333333,value
2018-09-05,14.333333333333334,,12.333333333333334,,7.0,24.5,12.0,20.777777777777775,,29.5625,9.4,,,16.0,value
2018-09-06,13.5,,26.875,,,,15.833333333333332,,38.5,23.291666666666664,11.583333333333334,5.0,22.5,17.5,value
2018-09-07,,19.125,8.475,64.375,2.1666666666666665,31.25,3.25,,33.0625,,,,15.4,29.0,value
2018-09-08,37.476190476190474,10.0,14.466666666666667,60.0,6.75,,19.222222222222225,,34.166666666666664,50.27777777777777,16.8,11.75,16.833333333333332,31.333333333333332,value
2018-09-09,31.875,,,63.44285714285714,19.666666666666668,45.166666666666664,8.25,,15.625,67.20833333333333,15.25,,9.75,35.023809523809526,value
2018-09-10,32.5,24.5,21.733333333333334,60.6,16.875,21.833333333333332,,,,44.833333333333336,18.53333333333333,,,30.4,value
2018-09-11,,,,40.5,11.333333333333334,,9.0,,25.222222222222218,20.666666666666668,17.857142857142858,,11.0,,value
2018-09-12,20.0,18.0,,53.42857142857143,,,12.5,7.666666666666667,39.666666666666664,26.571428571428573,22.666666666666668,,,22.7,value
2018-09-13,26.666666666666668,,19.2,71.66666666666667,,31.5,6.166666666666667,27.0,43.333333333333336,35.875,16.166666666666668,3.25,,24.666666666666668,value
2018-09-14,21.666666666666668,,11.666666666666666,,,,11.0,,37.94444444444445,54.166666666666664,25.666666666666668,,14.333333333333334,34.0,value
2018-09-15,,,3.095238095238095,72.46666666666667,,28.75,,,,59.0,23.333333333333332,,21.0,28.476190476190474,value
2018-09-16,,10.666666666666666,8.0,,,,13.4,,27.375,40.0,19.625,,,41.4375,value
2018-09-17,9.222222222222223,17.666666666666668,,,,21.0,,,,33.333333333333336,,,,,value
2018-09-18,,,,,,32.666666666666664,14.125,31.25,36.8,32.0,,7.333333333333333,5.866666666666667,28.0,value
2018-09-19,,6.25,,48.333333333333336,,,8.0,,30.666666666666668,37.25,16.5,,,,value
2018-09-20,,,,,,,16.625,,,47.3,18.666666666666668,,,23.0,value
2018-09-21,34.666666666666664,,,92.625,35.0,,16.2,,,,19.722222222222225,,10.0,32.25,value
2018-09-22,,,14.0,,,,26.0,,,55.4,,,,27.0,value
2018-09-23,28.125,20.0,,,,38.333333333333336,23.666666666666668,,24.6,47.5,21.833333333333332,,11.166666666666666,28.2,value
2018-09-24,21.2,,15.0,63.125,13.25,,,,,46.8,10.6,,,30.25,value
2018-09-25,22.25,,14.333333333333334,39.166666666666664,,,,,25.0,,,,15.0,,value
2018-09-26,13.0,,12.833333333333334,41.285714285714285,,,,,,24.0,,,19.666666666666668,,value
2018-09-27,,,,40.333333333333336,,,,,,42.833333333333336,,,,12.666666666666666,value
2018-09-28,,,,,,,12.275,,,,19.0,,15.666666666666666,,value
2018-09-29,,,18.06666666666667,58.666666666666664,9.666666666666666,,,,,,,,,53.666666666666664,value
2018-09-30,,,,,,,6.666666666666667,39.25,23.666666666666668,,,,11.666666666666666,,value
2018-10-01,,13.166666666666666,,55.333333333333336,,,,,,42.0,10.5,,,30.9,value
2018-10-02,,,,,,,,,29.625,,,,,,value
2018-10-03,,,16.0,,,,,29.333333333333332,,34.625,,,,33.25,value
2018-10-04,,,,,,,,,,,,,,29.333333333333332,value
2018-10-05,,,,120.625,,,15.75,,27.875,,,,,,value
2018-10-06,32.0,28.6,,,32.0,27.583333333333332,24.6,36.0,,55.666666666666664,35.8,24.25,35.0,,regular
2018-10-07,,,,,,,31.333333333333332,,,75.83333333333333,32.16666666666667,,,,regular
2018-10-08,,,,,,,13.0,,40.0,,34.333333333333336,,,,regular
2018-10-09,,,,,,,16.125,,,,35.125,,,,regular
2018-10-10,37.8,,14.0,94.0,,,,,,46.3,18.5,,17.333333333333332,29.25,value
2018-10-11,,25.25,26.333333333333332,,,,6.0,,,,28.5,,13.0,,value
2018-10-12,31.166666666666668,,,,,,11.75,,28.166666666666668,62.0,33.5,34.333333333333336,17.666666666666668,29.0,value
2018-10-13,,,,,,11.0,30.6,,,55.666666666666664,,,,45.25,value
2018-10-14,24.25,,,,,,16.625,,,67.2,,,,48.0,value
2018-10-15,,,,,,,,,,,22.166666666666668,,,,value
2018-10-16,28.0,,,,,,,,23.0,,21.2,,27.2,33.0,value
2018-10-17,,,21.333333333333332,58.9,,,,,,,,,43.0,,value
2018-10-18,36.5,,,,,,17.428571428571427,,,53.5,27.583333333333332,,,46.666666666666664,value
2018-10-19,29.1,,,,30.0,,20.9,,51.333333333333336,56.25,34.1,5.666666666666667,,,value
2018-10-20,,24.142857142857142,,,25.666666666666668,,,,,,30.0,12.0,,,value
2018-10-21,27.166666666666668,23.0,,,,,15.916666666666666,,36.25,46.19444444444445,27.5,,23.166666666666664,35.333333333333336,value
2018-10-22,39.0,22.125,,55.625,,,,,,52.0,28.916666666666668,,,36.166666666666664,value
2018-10-23,29.666666666666668,,,,,,11.166666666666666,,24.566666666666666,58.25,25.666666666666668,,,,value
2018-10-24,14.5,,,,,54.833333333333336,21.0,,44.666666666666664,15.5625,,,,16.9,value
2018-10-25,,,,,,,20.25,,,39.0,,,,26.76,value
2018-10-26,44.0,,,,,,12.5,,34.88888888888889,53.666666666666664,18.666666666666668,,,36.0,value
2018-10-27,37.2,,,,,31.0,28.166666666666668,,,,22.0,,,25.0,value
2018-10-28,,,,,,35.5,20.75,,37.0,76.0,27.25,,,33.333333333333336,regular
2018-10-29,,6.0,8.444444444444445,,18.222222222222225,,,,,39.666666666666664,32.666666666666664,9.0,,43.0,regular
2018-10-30,,,,80.0,,,15.125,,38.55555555555556,,,,12.111111111111112,,regular
2018-10-31,14.75,,6.0,64.75,,,9.583333333333334,,17.166666666666668,32.666666666666664,25.666666666666668,,,18.708333333333332,regular
2018-11-01,26.5,,,,,,,20.333333333333332,,46.90625,,,,29.73333333333333,regular
2018-11-02,,20.9,,,14.333333333333334,20.666666666666668,,,53.8,60.75,17.055555555555554,,,,regular
2018-11-03,43.5,23.333333333333332,18.0,120.33333333333333,,,,,,,,13.25,28.666666666666668,38.9,regular
2018-11-04,20.0,10.0,,73.0,16.6,,23.5,,,49.0,22.25,,,,regular
2018-11-05,,,37.0,,,,12.533333333333335,,,77.25,,26.0,16.25,,regular
2018-11-07,,,,,,10.333333333333334,,,,44.333333333333336,,,,,regular
2018-11-08,,,19.5,99.33333333333333,,,17.875,,33.666666666666664,,21.5,5.666666666666667,24.666666666666668,59.0,regular
2018-11-09,,,,,,,15.666666666666666,,,,,,24.0,48.75,regular
2018-11-10,,11.388888888888888,,,,,,,,71.0,,22.333333333333332,,,regular
2018-11-11,36.333333333333336,,34.666666666666664,,,,,,,,30.8,,20.333333333333332,32.6,regular
2018-11-12,48.583333333333336,17.0,,,,,17.125,,,,,,,62.66666666666667,regular
2018-11-13,36.75,34.333333333333336,26.666666666666668,,,51.2,14.444444444444445,,35.125,27.25,20.083333333333336,,12.972222222222221,41.333333333333336,value
2018-11-14,18.625,10.625,17.25,80.875,22.11111111111111,26.722222222222225,31.8,23.0,48.0,43.833333333333336,,,,28.0,value
2018-11-15,20.333333333333332,18.625,,,,,,,40.166666666666664,61.833333333333336,,,,50.625,value
2018-11-16,31.333333333333332,,,,,,16.833333333333332,,,65.0,,,,,peak
2018-11-17,,23.5,21.666666666666668,,,,28.875,,,,,,,,peak
2018-11-18,40.4,,,,,,21.625,39.44444444444445,,90.25,,,,39.333333333333336,peak
2018-11-19,33.0,,,,,,,,,86.41666666666667,66.66666666666667,,,,peak
2018-11-20,,33.4,36.166666666666664,,,,,,,,39.666666666666664,,,,peak
2018-11-21,,9.5,46.666666666666664,,,,21.333333333333332,,,,,,,,peak
2018-11-22,,25.75,25.0,,,,30.0,,,,,,,,peak
2018-11-23,,,,,,,32.458333333333336,,,,,,,,peak
2018-11-24,,,,,,,27.333333333333332,,,,31.5,,,52.75,peak
2018-11-25,,,37.833333333333336,,26.666666666666668,,10.5,,34.333333333333336,65.41666666666667,30.5,,,,peak
2018-11-26,27.666666666666668,,18.5,62.8,31.0,,,,,,28.05,,,44.0,peak
2018-11-27,32.5,,,,,,15.428571428571429,,49.523809523809526,58.666666666666664,25.75,,5.583333333333334,56.2,peak
2018-11-28,25.0,21.166666666666668,,81.5,29.666666666666668,,21.416666666666668,,50.166666666666664,83.70833333333333,,9.666666666666666,20.666666666666668,32.0,value
2018-11-29,38.166666666666664,,28.0,127.16666666666667,41.0,,9.75,33.166666666666664,31.25,49.0,21.583333333333332,13.333333333333334,,47.2,value
2018-11-30,,16.333333333333332,27.833333333333332,,,,11.833333333333334,,49.666666666666664,,,,,29.8,value
2018-12-01,34.55,14.25,24.3,,26.0,41.0,33.888888888888886,20.333333333333332,,74.0,32.0,,,,value
2018-12-02,,,,,,,13.5,,,64.0,35.6,,15.6,24.166666666666664,value
2018-12-03,,27.916666666666664,23.6,67.8,,28.6,18.666666666666668,,,48.5,19.5,,,37.0,value
2018-12-04,,,,100.66666666666667,,,15.1,,17.133333333333333,69.33333333333333,19.6,,9.0,31.291666666666668,value
2018-12-05,,26.11111111111111,20.333333333333332,58.5,,,18.8,,59.25,37.142857142857146,25.75,,,28.166666666666668,value
2018-12-06,31.166666666666668,23.125,,179.0,,,13.8,,30.875,,21.333333333333332,,,38.0,value
2018-12-07,,,,,,,,,54.416666666666664,34.083333333333336,43.0,,15.6,27.0,value
2018-12-08,,,,,29.0,,22.8,,,,32.7,,,24.75,value
2018-12-09,,,,,,,10.0,,,64.66666666666667,22.88888888888889,,,28.666666666666668,value
2018-12-10,28.166666666666668,40.0,,,29.666666666666668,,30.375,,,64.33333333333333,,,,46.166666666666664,value
2018-12-11,,,26.0,,34.0,,,,,,,,,,value
2018-12-12,30.0,31.06666666666667,12.583333333333334,74.66666666666667,,,20.5,,,55.6,,,,,value
2018-12-13,34.25,,,,,,,,30.03333333333333,,21.666666666666668,,,36.5,value
2018-12-14,33.625,23.333333333333332,14.0,,,,12.833333333333334,,35.625,39.333333333333336,36.0,,,37.25,value
2018-12-15,44.8,18.333333333333332,23.46666666666667,,,,,25.666666666666668,,63.333333333333336,26.4,,,29.166666666666668,value
2018-12-16,,,,,,,12.0,,28.125,,,,25.0,36.25,value
2018-12-17,40.625,40.666666666666664,25.833333333333332,,,30.333333333333332,,,,66.5,,,,,value
2018-12-18,,12.166666666666666,,,,,13.166666666666666,,54.75,,,,,,peak
2018-12-19,,,,,,30.0,18.75,,,,,,,,peak
2018-12-20,,,,58.75,,2.0,,,,22.0,15.0,,,21.5,peak
2018-12-21,,,,,,,17.527777777777775,,44.5,,41.333333333333336,,12.0,21.666666666666668,peak
2018-12-22,,,,,,,9.625,,,43.666666666666664,,,,33.833333333333336,peak
2018-12-23,,,,70.33333333333333,,,,,,,,,,,peak
2018-12-24,50.0,,39.5,,,,,,,,,,,,peak
2018-12-25,,,,,,,11.555555555555555,,,,,,,,peak
2018-12-26,,,,,,,,,20.333333333333332,,,,,,peak
2018-12-27,,,35.166666666666664,,,,,,,,,,,59.7,peak
2018-12-28,,,,110.25,,,25.0,,,,,,,,peak
2018-12-29,,,,161.16666666666666,,,29.833333333333332,,,,,,,,peak
2018-12-30,,,,,,,19.625,,45.375,,,,,,peak
2018-12-31,33.4,,,94.25,,,,,,76.5,,,,50.444444444444436,peak
2019-01-01,,16.333333333333332,,,,72.1,23.5,,,,,10.333333333333334,,,peak
2019-01-03,,,,,,69.33333333333333,29.642857142857142,,,,49.5,,50.0,,peak
2019-01-04,42.625,,,,,,25.75,,73.16666666666667,,,,42.5,,peak
2019-01-05,35.0,31.8,,,,,,,122.75,,48.333333333333336,,29.333333333333332,,peak
2019-01-06,,24.083333333333332,,,,,19.333333333333332,,,,29.0,,16.666666666666668,42.333333333333336,peak
2019-01-07,,,,,,,16.666666666666668,,,72.28571428571429,25.85,,,,peak
2019-01-08,22.833333333333332,,18.666666666666668,,41.666666666666664,,28.5,,,,,,11.0,48.0,peak
2019-01-09,,33.0,16.083333333333332,,,,,,,36.333333333333336,,1.6666666666666667,,,peak
2019-01-10,,19.25,,,,,17.166666666666668,,,,13.125,,,24.25,value
2019-01-11,32.375,,22.333333333333332,,,,13.25,,25.333333333333332,,,,,,value
2019-01-12,,15.0,27.0,,,20.541666666666668,21.666666666666668,,,,,,18.75,45.0,value
2019-01-13,22.73809523809524,,,,,24.222222222222218,8.0,,,39.4,19.333333333333332,,16.125,27.4,value
2019-01-14,28.25,,,,,46.666666666666664,,,,42.666666666666664,,,,42.375,value
2019-01-15,,,,,,35.77777777777778,,,,49.25,,,,29.333333333333332,value
2019-01-16,,,,,,,,,,,,,,18.75,value
2019-01-17,,,,,,,,,,58.75,20.166666666666668,4.0,,,peak
2019-01-18,,19.333333333333332,,,,,,,,,29.666666666666668,,,,peak
2019-01-19,,,21.333333333333332,145.0,,,,,79.16666666666667,,44.0,,27.666666666666668,70.0,peak
2019-01-20,,,,,,,19.2,,85.0,81.66666666666667,77.5,,,,peak
2019-01-21,,,,,,,,,,,50.875,,,43.666666666666664,peak
2019-01-22,,44.0,,,56.666666666666664,,,,,,41.0,,,31.0,peak
2019-01-23,35.25,12.666666666666666,,,,,17.0,,,52.333333333333336,25.0,,,35.1,peak
2019-01-24,,,,,,50.0,12.0,,59.0,47.0,19.5,18.25,13.375,28.0,peak
2019-01-25,22.833333333333332,,,,,,26.9,,,,,,14.666666666666666,25.875,peak
2019-01-26,,33.0,25.777777777777782,,58.77777777777778,,15.444444444444445,,,71.33333333333333,36.0,,,34.583333333333336,value
2019-01-27,,,,,,,3.5,,,15.083333333333332,15.25,,,29.1,value
2019-01-28,,24.708333333333332,30.0625,,45.333333333333336,41.0,45.0,,,54.75,,,,50.0,value
2019-01-29,,,,,,,21.666666666666664,,41.625,59.333333333333336,,,43.25,44.22222222222222,value
2019-01-30,27.9,,,,,,8.666666666666666,,,49.785714285714285,30.2,,,32.8,value
2019-01-31,34.666666666666664,,,,,,22.4,,,58.25,19.8125,,,45.0,value
2019-02-01,28.5,,,,,,22.0,,66.33333333333333,45.5,22.444444444444443,,,28.166666666666668,value
2019-02-02,,,,,,21.5,,,,51.2,,,,33.0,value
2019-02-03,,,,128.33333333333334,,,23.666666666666668,,,,28.666666666666668,,17.833333333333332,,value
2019-02-04,,,,,,,,,34.166666666666664,,18.77777777777778,8.333333333333334,,42.666666666666664,value
2019-02-05,,,15.75,,21.0,33.666666666666664,25.666666666666668,,,38.0,,,,21.3,value
2019-02-06,24.8,12.0,11.5,80.83333333333333,,,26.666666666666668,,,39.0,16.333333333333332,,,35.857142857142854,value
2019-02-07,32.5,,,,,,24.8,30.666666666666668,,46.5,27.5,10.666666666666666,,31.0,value
2019-02-08,30.5,,,,37.333333333333336,,,,,,28.666666666666668,,,,value
2019-02-09,31.75,,,,,18.333333333333332,16.125,,,60.5,,,,43.733333333333334,value
2019-02-10,36.166666666666664,25.0,,,,,17.666666666666668,,,52.666666666666664,27.333333333333332,,,,value
2019-02-11,24.166666666666668,,,,52.2,38.875,,,,,,,,33.333333333333336,value
2019-02-12,,,,,35.57142857142857,48.0,,,,,21.833333333333332,,,41.416666666666664,value
2019-02-13,,,15.666666666666666,,24.285714285714285,,9.5,,,38.333333333333336,,,,,value
2019-02-14,37.0,,,,57.2,,20.333333333333332,,,57.2,28.0,,,54.0,regular
2019-02-15,,43.5,,,55.4,60.666666666666664,,,,67.0,26.333333333333332,,,,regular
2019-02-16,,,,,,,,,,,,,,61.666666666666664,regular
2019-02-17,,,,,,,21.083333333333336,,20.0,,,16.0,,,regular
2019-02-18,,54.4,,,,,27.875,,,,54.333333333333336,,,,regular
2019-02-19,38.166666666666664,35.0,,,,,,,,,43.6,,,,regular
2019-02-20,,31.5,,,,,,,,,,,,,regular
2019-02-21,,51.0,,,,,,,,71.5,,,,,regular
2019-02-22,,28.071428571428573,,,,,,,,,28.8,,,,regular
2019-02-23,36.666666666666664,,,,37.75,,,,,55.75,,,,,regular
2019-02-25,,20.083333333333332,36.06666666666666,,35.833333333333336,14.666666666666666,,,,,24.25,,29.0,41.25,value
2019-02-26,35.225,13.8,19.02777777777778,67.5,33.833333333333336,,5.875,,,,24.0,,,29.0625,value
2019-02-27,,37.875,26.73333333333333,86.33333333333333,30.0,,16.11111111111111,,65.0,43.0,25.7,,,,value
2019-02-28,,37.333333333333336,38.166666666666664,,,10.833333333333334,23.0,,,62.0,,,,39.75,value
2019-03-01,,25.5,33.3,,,43.22222222222222,,,,,27.0,,,,regular
2019-03-02,,,,,,,24.875,,,,33.6,17.333333333333332,,40.666666666666664,regular
2019-03-03,30.333333333333332,,,,,,26.666666666666664,,,64.66666666666667,,,,,peak
2019-03-04,,,21.2,,,,32.333333333333336,,,,47.5,,,,peak
2019-03-05,29.833333333333332,,,,22.666666666666668,47.8,,,,,,,,,peak
2019-03-07,,,,,,,,,,,,,,57.0,regular
2019-03-08,,,,,,,,,,,,9.666666666666666,,,regular
2019-03-09,,23.555555555555557,,,,,,,,,,,,38.333333333333336,regular
2019-03-10,30.0,,,,,,19.666666666666668,38.166666666666664,,,39.625,,,,regular
2019-03-11,,28.833333333333332,,,,,,,,,53.333333333333336,,,80.33333333333333,regular
2019-03-12,43.0625,60.333333333333336,,,,,,,,33.5,,,,45.0,regular
2019-03-13,41.25,24.5,33.625,,,25.666666666666668,51.75,,,,42.666666666666664,,,45.0,regular
2019-03-14,30.555555555555557,21.833333333333332,,,,,30.43333333333333,,,,34.916666666666664,,,47.125,regular
2019-03-15,,10.666666666666666,,,,,,,,43.42857142857143,,3.1666666666666665,,,regular
2019-03-16,23.25,,,,,,30.1,,,,,,,,regular
2019-03-17,,,,,,,20.333333333333332,,,,,,,,regular
2019-03-18,,,,,,,19.5,,,,47.666666666666664,,,45.666666666666664,regular
2019-03-19,,,,,15.0,46.666666666666664,,,,47.625,,,18.0,61.5,regular
2019-03-20,,,,,,,28.0,,,,,,,42.166666666666664,regular
2019-03-21,,38.0,,,,,40.333333333333336,,,,26.452380952380953,16.083333333333332,,43.75,regular
2019-03-22,,34.666666666666664,,,,,37.125,,,,,,,,regular
2019-03-23,,7.0,31.666666666666668,,,57.666666666666664,16.875,,,,,,,,regular
2019-03-24,39.166666666666664,,,,17.0,,35.714285714285715,,,,31.875,,,43.666666666666664,regular
2019-03-25,34.5,,,,,,25.444444444444443,,,45.833333333333336,38.625,,,,regular
2019-03-26,,23.5,49.333333333333336,,,,,,,,,13.75,,,regular
2019-03-27,29.4,,,59.0,,,16.25,,,,,,,,regular
2019-03-28,,,,,,,,,,,41.416666666666664,,,37.0,regular
2019-03-29,38.333333333333336,30.0,21.888888888888886,,,,,,,,33.833333333333336,8.75,,,regular
2019-03-30,,,,,,,22.5,,,,38.666666666666664,,,,regular
2019-03-31,31.625,,,,,,19.8,,,51.666666666666664,,,,38.333333333333336,regular
2019-04-01,,,33.833333333333336,,33.666666666666664,53.7,,,,79.66666666666667,,,,,regular
2019-04-02,,,,,,27.166666666666668,31.666666666666668,,,,,,,,regular
2019-04-03,39.0,,,,,,21.0,,,81.0,26.25,17.125,,,regular
2019-04-04,,,,,,,,,,48.0,,,,45.375,regular
2019-04-05,17.333333333333332,19.333333333333332,,,,,17.0625,,54.666666666666664,58.75,,,15.333333333333334,,regular
2019-04-06,11.5,13.666666666666666,,81.33333333333333,28.666666666666668,40.0,21.25,,,34.5,29.0,,,39.875,regular
2019-04-07,,,37.0,,,24.333333333333332,19.291666666666668,,,,19.0,8.166666666666666,,,regular
2019-04-08,30.0,13.5,,,,30.25,14.333333333333334,,,54.333333333333336,,,,,regular
2019-04-09,,,,,,28.0,,,22.75,55.875,,,,22.75,regular
2019-04-10,,,,,,,20.0,,52.833333333333336,32.25,,,28.888888888888886,46.75,regular
2019-04-11,,,,,,28.0,,,,,,,,,regular
2019-04-12,,,,,,,,,,44.0,24.333333333333332,,,25.0,peak
2019-04-13,,,,,,,,,,,,,,30.5,peak
2019-04-14,23.875,,,,,,,,,,,,,28.833333333333332,peak
2019-04-15,,,,,,,,,,71.66666666666667,,,,,peak
2019-04-16,,,,,,,27.125,,,,,,,,peak
2019-04-18,,,,,,,25.333333333333332,,,,,,,46.166666666666664,peak
2019-04-20,,,,,,,25.875,,33.0,,,,,,peak
2019-04-21,,,,,,30.0,23.5,26.666666666666668,,,,,,21.0,peak
2019-04-22,,,23.666666666666668,,,,,,,,,,,57.0,peak
2019-04-23,,,,,,,21.25,,,,35.75,,,,peak
2019-04-24,,,,,,,,,34.5,66.66666666666667,31.666666666666668,,,43.125,peak
2019-04-25,,,,,,,18.5,,,,,12.333333333333334,,,peak
2019-04-26,,,,,,,,,53.25,50.0,,,20.333333333333332,33.166666666666664,peak
2019-04-27,,16.333333333333332,,,18.666666666666668,,21.0,,,,,,22.666666666666668,44.77777777777777,peak
2019-04-28,,16.25,,,,12.133333333333333,15.125,,,,28.0,18.333333333333332,9.333333333333334,28.25,peak
2019-04-29,,,,100.66666666666667,,,21.2,,,26.666666666666668,24.75,,,,peak
2019-04-30,24.0,,,,,,16.3,,,41.7,29.2,,19.333333333333332,32.375,peak
2019-05-01,,20.0,15.8,47.0,,,14.25,,23.0,35.166666666666664,,,,37.166666666666664,regular
2019-05-02,,,,,,,16.333333333333332,,60.125,,,,,28.333333333333332,regular
2019-05-03,28.6,,,,,,14.916666666666666,,36.4,54.5,13.5,,,,regular
2019-05-04,,,,,,,24.2,,,,33.0,,,43.75,regular
2019-05-05,,30.0,,,,,27.375,,,48.666666666666664,26.9,,,,regular
2019-05-06,,38.833333333333336,,,,,,,,51.4,27.722222222222225,,,43.333333333333336,regular
2019-05-07,26.166666666666668,,,,,,,,,40.0,26.333333333333332,,,34.0,regular
2019-05-08,25.333333333333332,17.333333333333332,,84.33333333333333,21.333333333333332,,11.277777777777777,,,35.229166666666664,,,,10.9,regular
2019-05-09,,,,,42.0,,11.5,,,,,,48.666666666666664,,regular
2019-05-10,32.666666666666664,,,,,,,,,51.666666666666664,24.666666666666668,,43.5,37.9,regular
2019-05-11,23.5,,31.833333333333332,,,,,,,,,,,35.166666666666664,regular
2019-05-12,,,18.333333333333332,,19.0,,10.0,,,,,,,22.0,regular
2019-05-13,28.666666666666668,,15.111111111111109,,,,,,,,16.333333333333332,4.5,,36.666666666666664,regular
2019-05-14,,18.77777777777778,,,,,,,,,32.166666666666664,,11.666666666666666,36.5,regular
2019-05-15,28.5,16.0,,84.66666666666667,,44.4,25.2,,,28.535714285714285,,,,30.5,regular
2019-05-16,30.666666666666668,24.25,24.8,61.5,,59.0,19.666666666666668,,,,,,,31.333333333333332,regular
2019-05-17,,,,,,,16.333333333333332,,41.666666666666664,57.333333333333336,29.666666666666664,10.666666666666666,,,regular
2019-05-18,,25.25,9.333333333333334,,,,18.166666666666668,,25.166666666666668,,,8.666666666666666,30.625,,regular
2019-05-19,,,16.5,,,,18.5,43.875,,52.0,,,,21.75,regular
2019-05-20,,37.333333333333336,,,,,22.5,,,,25.375,,,31.0,regular
2019-05-21,15.5,,,,,,14.0,,,39.375,,,,31.583333333333332,regular
2019-05-22,,18.333333333333332,11.333333333333334,,,,13.5,,,31.0,14.0,,,26.8,regular
2019-05-23,34.0,,16.666666666666668,,,,,,,,24.666666666666668,,,,regular
2019-05-24,,,,,,,29.625,,,,28.75,,,20.75,regular
2019-05-25,38.333333333333336,,,60.666666666666664,23.0,,31.3,31.666666666666668,,,,,23.0,32.333333333333336,peak
2019-05-26,,,,,,,22.75,,61.5,,,,39.7,,peak
2019-05-27,,,,,21.25,,14.833333333333332,,,,37.5,,37.5,,peak
2019-05-28,,,,,,,,,,,40.4,,,45.833333333333336,peak
2019-05-29,,20.666666666666668,,,,,29.833333333333332,,,,28.666666666666668,,,,regular
2019-05-30,27.666666666666668,,13.333333333333334,111.25,,29.666666666666668,23.333333333333332,,,54.75,24.0,,,,regular
2019-05-31,,,,,,48.0,24.666666666666664,,,,33.833333333333336,,36.0,,regular
2019-06-01,,,28.333333333333332,,40.666666666666664,32.2,23.75,,29.6,53.7,,,,,regular
2019-06-02,,20.375,33.88888888888889,,,,,,22.0,,,,,,regular
2019-06-03,,,22.666666666666668,,,,24.8,,,,37.666666666666664,,,,regular
2019-06-04,39.666666666666664,,,,41.666666666666664,58.0,31.666666666666668,,,,,,,54.8,regular
2019-06-05,16.333333333333332,20.125,,,,,9.5,,,,,,,48.0,regular
2019-06-06,,,,,33.0,,,,,75.33333333333333,29.75,12.5,,29.0,regular
2019-06-07,,,,,29.0,,19.875,,39.5,55.666666666666664,,,,55.333333333333336,regular
2019-06-08,32.0,,31.0,,23.166666666666668,28.0,20.916666666666668,,,69.5,32.0,16.0,,49.666666666666664,regular
2019-06-09,25.333333333333332,,,51.666666666666664,,,19.5,,,,,,,44.25,regular
2019-06-10,28.6,38.7,,74.0,,44.0,,,,33.5,37.75,,,32.8,regular
2019-06-11,28.666666666666668,,26.166666666666668,83.66666666666667,,,9.833333333333334,,,,42.6,,,43.75,regular
2019-06-12,,,,,,,15.5,,,51.666666666666664,,,31.0,38.0,regular
2019-06-13,,14.888888888888891,,,,,19.083333333333332,,,,20.333333333333332,,,25.5,regular
2019-06-14,,,,116.66666666666667,,,,,29.166666666666668,,23.8,,,,regular
2019-06-15,,9.166666666666666,,94.33333333333333,,,22.75,,,65.5,14.166666666666666,,,32.666666666666664,regular
2019-06-16,,,,,,,5.875,,54.333333333333336,21.666666666666668,27.0,,,,regular
2019-06-17,,,,,,,,,,39.666666666666664,23.0,,,,regular
2019-06-18,,,,,,,,,,,,,,39.1,regular
2019-06-19,,,24.8,,,,23.0,,,,,,,19.333333333333332,regular
2019-06-20,,,,,,,,,,,28.75,,,36.833333333333336,regular
2019-06-21,,,,,,,23.5,,,,18.666666666666668,,,31.166666666666668,regular
2019-06-22,,,,,,,16.1,,65.33333333333333,,,,,,regular
2019-06-23,,,30.25,,,32.0,15.0,,,33.666666666666664,,,,39.125,regular
2019-06-26,,,,,,,26.75,,47.0,,,,,,regular
2019-06-27,30.625,,,,,,33.666666666666664,,,44.6,26.0,,,46.25,regular
2019-06-28,,,,,,,16.333333333333332,,,,,,,27.5,regular
2019-06-29,32.375,,,,,,,,,,37.5,,,,regular
2019-06-30,,,,,,,,,,79.0,,,,,regular
2019-07-01,,,,,,,14.0,,,,32.0,,,39.25,peak
2019-07-02,,42.833333333333336,,,,,,,,,,,,,peak
2019-07-03,,26.0,,,,,16.4,,,,,,,,peak
2019-07-04,,,,,21.75,,,,,,22.666666666666668,,,25.333333333333332,peak
2019-07-05,,,,,,,31.5,,,,26.0,,,,peak
2019-07-06,,24.5,,,,,8.75,,,41.6,23.375,,,,peak
2019-07-07,,,,,,,9.666666666666666,,,,13.833333333333334,2.0,24.333333333333332,54.333333333333336,peak
2019-07-08,,30.5,23.0625,,,,,,,14.666666666666666,12.416666666666666,,,48.0,peak
2019-07-09,,36.875,,,,,,,,,32.75,,,,peak
2019-07-10,47.0,14.0,33.166666666666664,,,,24.5,,,,,,,,peak
2019-07-11,,,,,36.0,,19.0,,,,16.0,,,58.666666666666664,peak
2019-07-12,32.625,16.75,,,,,18.0,,,67.5,20.666666666666668,,,52.833333333333336,peak
2019-07-13,26.0,,,,,,,,,,22.875,,,,peak
2019-07-14,,,,,,,18.666666666666668,,,,19.166666666666668,,,29.666666666666668,peak
2019-07-15,,,,,,42.666666666666664,14.625,,,50.0,,,43.333333333333336,,peak
2019-07-16,,,,,,,,,,45.0,,,,,peak
2019-07-17,,,,,,,18.666666666666668,,,,14.875,,,40.88888888888889,peak
2019-07-18,,,,,,,34.666666666666664,,,,27.2,,,,peak
2019-07-19,,28.666666666666668,,,,,,,,,15.125,,,,peak
2019-07-20,,,,,,,26.111111111111114,,,,,,41.0,54.333333333333336,peak
2019-07-21,,,19.666666666666668,,,47.666666666666664,15.0,,,,,,,,peak
2019-07-22,,,,,,,31.333333333333332,,,,,,,46.22222222222223,peak
2019-07-23,,,,,,45.666666666666664,19.5,,,,,,38.55555555555556,,peak
2019-07-24,,,,,,,34.0,,,41.75,,,,,peak
2019-07-25,,31.333333333333332,,,,,,,,,23.0,,,47.333333333333336,peak
2019-07-26,,,,,,10.666666666666666,16.583333333333332,,,,20.666666666666668,,,,peak
2019-07-27,,,15.6,94.66666666666667,22.125,,,,,60.0,24.75,,,43.125,peak
2019-07-28,27.055555555555557,,,,,30.333333333333332,20.5,,,,,,,46.5,peak
2019-07-29,,,,,,,21.166666666666668,,,13.888888888888888,36.5,,,31.375,peak
2019-07-30,,,,,,,,,,37.0,33.0,,,51.166666666666664,peak
2019-07-31,,,,,,,19.0,,,,10.333333333333334,,,,peak
2019-08-01,,19.166666666666668,,,,,,,,41.666666666666664,20.444444444444446,,,,peak
2019-08-02,,,,,,,12.428571428571429,,,,24.0,,,,peak
2019-08-03,20.708333333333332,,,,,,15.125,,,63.0,21.777777777777782,,,29.15,peak
2019-08-04,,,,,,,27.0,,,,,,,,peak
2019-08-05,,,,,9.333333333333334,,19.666666666666668,,,28.0,,,,,peak
2019-08-06,,,,,,,,,,,,,,24.833333333333332,peak
2019-08-07,,,,,,,20.666666666666668,,,,,,,25.25,peak
2019-08-08,,19.11111111111111,19.5,,,,20.0,,,,,,,44.0,peak
2019-08-09,,,,,,,21.666666666666668,,,,28.666666666666664,,,,peak
2019-08-10,,18.5,18.395833333333336,,,48.0,20.0,,,70.25,,14.833333333333334,,24.5,peak
2019-08-11,,14.333333333333334,24.666666666666668,,31.5,31.625,19.5,,,,20.333333333333332,,,42.4,peak
2019-08-12,,24.666666666666668,14.777777777777779,,14.666666666666666,38.166666666666664,28.666666666666668,,,,,,,,peak
2019-08-13,32.5,,,,,,,,,,27.333333333333332,,,,peak
2019-08-14,,,,,,,19.125,,,,26.75,,,22.5,peak
2019-08-15,28.5,,13.166666666666666,93.33333333333333,,,15.125,,,44.2,,,,30.666666666666668,peak
2019-08-16,,12.333333333333334,,,,,13.125,,26.833333333333332,,20.875,,22.666666666666668,,peak
2019-08-17,,22.083333333333332,,,24.875,25.166666666666668,19.75,,33.833333333333336,,22.791666666666668,15.166666666666666,,,peak
2019-08-18,18.333333333333332,4.333333333333333,,91.66666666666667,,,18.0,,,71.66666666666666,39.666666666666664,,,25.6,peak
2019-08-19,19.916666666666668,26.0,30.0,85.5,29.333333333333332,,27.833333333333332,,,36.239999999999995,31.3125,9.666666666666666,,18.833333333333332,peak
2019-08-20,27.666666666666668,,,,,,9.809523809523808,,,,,3.5,25.04,28.25,value
2019-08-21,18.2,,,,,,7.25,,,36.111111111111114,22.555555555555557,,,41.25,value
2019-08-22,,,,83.0,19.222222222222225,30.833333333333332,8.25,,,42.333333333333336,21.0,,52.333333333333336,35.666666666666664,value
2019-08-23,,22.5,26.366666666666667,,41.5,,12.2,,18.5,67.83333333333333,22.5,,16.416666666666668,,value
2019-08-24,24.958333333333336,,21.833333333333332,75.33333333333333,12.0,,,,,,25.055555555555557,,,30.3,value
2019-08-25,,,18.666666666666668,90.6,,34.0,,,,51.875,11.7,,,,value
2019-08-26,29.0,,,,,,,,,44.9,,,,30.9,value
2019-08-27,,,,,,33.0,8.883333333333333,,,60.0,19.916666666666668,,22.4,19.733333333333334,value
2019-08-28,16.625,11.833333333333334,17.833333333333332,65.75,30.666666666666668,28.5,8.833333333333334,,,28.666666666666668,,,,19.333333333333332,value
2019-08-29,,,,,,9.666666666666666,3.6666666666666665,,20.944444444444443,36.5,,,,13.8,value
2019-08-30,,,,77.8,,18.666666666666668,,,25.6,27.5,20.5,,,,value
2019-08-31,22.333333333333332,,15.666666666666666,,,15.0,9.9,,,32.666666666666664,17.6,4.0,14.25,13.4,value
2019-09-01,,7.25,,33.6,,22.291666666666668,3.0,19.25,,31.428571428571427,16.666666666666668,,18.0,13.75,value
2019-09-02,14.8,,,37.9,3.0,12.0,12.916666666666668,11.5,23.6875,21.145833333333332,8.0,,7.125,8.833333333333334,value
2019-09-03,,,,,2.6666666666666665,8.0,,,13.166666666666666,16.0,11.0,,,,value
2019-09-04,,,8.0,29.5,,15.166666666666666,5.666666666666667,18.0,15.375,32.375,8.833333333333334,,,6.666666666666667,value
2019-09-05,16.0,,5.625,31.833333333333332,8.75,,,,,22.0,,,,7.75,value
2019-09-06,,,10.0,52.833333333333336,,,,,21.75,27.166666666666668,12.527777777777779,,,12.142857142857142,value
2019-09-07,,8.166666666666666,10.2,50.480000000000004,7.666666666666667,20.520833333333332,13.083333333333334,,,,16.166666666666668,7.75,,,value
2019-09-08,,,,57.785714285714285,18.0,18.5,11.2,,31.575,28.666666666666668,18.333333333333332,,10.25,9.4,value
2019-09-09,12.4,,,29.333333333333332,,20.5,,,39.666666666666664,26.75,12.5,,,10.666666666666666,value
2019-09-10,11.875,6.333333333333333,,,,35.333333333333336,12.875,31.333333333333332,17.333333333333332,25.55,,1.3333333333333333,10.666666666666666,12.291666666666666,value
2019-09-11,12.5,,,26.25,,14.5,,,,24.166666666666668,,1.5,,13.875,value
2019-09-12,,6.0,10.75,42.5,,32.0,1.5,,,23.8,,,,12.0,value
2019-09-13,,23.0,,54.57142857142857,12.333333333333334,18.4,6.333333333333333,,,38.7,16.0,,,12.611111111111112,value
2019-09-14,,11.25,,49.333333333333336,,24.5,14.666666666666666,,,22.6,18.333333333333332,,,12.9,value
2019-09-15,,,17.833333333333332,54.25,,,8.3125,,30.625,26.75,18.166666666666668,,10.0,,value
2019-09-16,,,,42.0,,43.25,,,,25.666666666666668,,6.25,,19.4,value
2019-09-17,,,,,,,9.833333333333334,,14.555555555555557,21.142857142857142,22.0,,11.111111111111109,16.4,value
2019-09-18,,,,55.9,,14.25,4.333333333333333,,,19.25,17.375,0.5,,13.625,value
2019-09-19,,9.0,,,,,,,14.666666666666666,30.071428571428573,14.5,,,16.708333333333332,value
2019-09-20,,,,54.666666666666664,,27.5,8.633333333333333,,27.214285714285715,22.875,,,11.25,23.222222222222218,value
2019-09-21,12.6,16.5,,59.0,18.333333333333332,,17.0,,,39.3125,,16.166666666666668,,9.5,value
2019-09-22,,,,46.555555555555564,,11.166666666666666,12.5,19.0,19.333333333333332,35.0,18.333333333333332,,13.75,11.25,value
2019-09-23,19.8,,,62.625,,23.88888888888889,,,,31.133333333333336,20.5,6.333333333333333,,24.13888888888889,value
2019-09-24,7.333333333333333,,,53.2,19.333333333333332,,,,16.555555555555554,28.5,18.5,8.666666666666666,,11.75,value
2019-09-25,8.666666666666666,,,42.75,,,,12.9,42.333333333333336,24.444444444444446,,,,14.796296296296296,value
2019-09-26,,,,,,27.416666666666668,,10.0,,,12.333333333333334,,20.2,12.25,value
2019-09-27,,,17.0,55.75,,,10.722222222222223,,23.0,32.38888888888889,16.666666666666668,,,18.5,value
2019-09-28,,37.75,25.8,89.33333333333333,,,24.0,,,30.65,30.083333333333336,8.666666666666666,40.666666666666664,20.75,value
2019-09-29,,,,47.5,,24.333333333333332,11.38888888888889,,26.875,23.916666666666668,,10.75,12.5,31.416666666666668,value
2019-09-30,23.833333333333332,13.5,,68.5,28.0,,,24.333333333333332,27.666666666666668,23.5765306122449,,,,22.76388888888889,value
2019-10-01,,,,,22.666666666666668,16.0,5.642857142857143,,24.0,25.75,25.0,,12.5,19.4,value
2019-10-02,,,7.3,47.0,,18.0,21.666666666666668,,11.333333333333334,22.3875,11.333333333333334,,24.25,20.222222222222225,value
2019-10-03,,,,54.166666666666664,,,18.333333333333332,,,33.4,,,,12.333333333333334,value
2019-10-04,,,4.333333333333333,68.66666666666667,,34.0,8.0,,43.7,34.0,,,,15.0,value
2019-10-05,21.0,14.7,13.433333333333334,,16.25,,,,,29.75,25.666666666666668,,,22.083333333333332,value
2019-10-06,22.8,27.333333333333332,,62.77777777777777,41.666666666666664,,14.61111111111111,28.666666666666668,37.733333333333334,46.666666666666664,30.0,,20.0,22.809523809523807,value
2019-10-07,18.875,,,,,,,,,,,,,19.766666666666666,value
2019-10-08,14.0,16.666666666666668,,,,,,7.5,25.333333333333332,43.958333333333336,,,,10.444444444444445,value
2019-10-09,12.666666666666666,,,,,,,,,36.166666666666664,20.375,,,20.5,value
2019-10-10,21.5,,,,,,14.0,,59.0,50.92,18.833333333333332,,23.5,31.833333333333332,value
2019-10-11,,16.333333333333332,,,,,14.833333333333334,,41.125,,35.0,,37.0,,value
2019-10-12,,16.333333333333332,,,,,37.833333333333336,,,27.11111111111111,,,,16.080000000000002,regular
2019-10-13,,,,99.83333333333333,,,37.25,27.25,,47.25,,,,20.541666666666664,regular
2019-10-14,,,33.2,107.66666666666667,,60.75,16.833333333333332,,45.25,,39.0,18.666666666666668,,30.333333333333332,regular
2019-10-15,,,,,,,,19.875,,29.833333333333332,34.0,,,36.625,regular
2019-10-16,,,,61.0,,,,,,,,,,,value
2019-10-17,23.4,,,,,,13.5,16.22222222222222,47.333333333333336,40.8,,,,32.06666666666666,value
2019-10-18,14.777777777777779,,,,,,8.833333333333334,22.0,,35.43333333333334,,,,25.6,value
2019-10-19,12.75,,,60.666666666666664,,19.833333333333332,16.1,,,21.0,,,34.333333333333336,,value
2019-10-20,18.75,23.666666666666668,,,33.0,,11.625,,41.875,31.416666666666664,,,,24.63095238095238,value
2019-10-21,16.75,,,,,26.5,13.714285714285714,,21.75,,,,,22.8,value
2019-10-22,4.666666666666667,,,31.333333333333332,,,,12.066666666666666,22.555555555555557,20.0,,,,21.0,value
2019-10-23,,,,58.0,,22.75,28.75,6.833333333333333,,25.0,,,,16.233333333333334,value
2019-10-24,,4.666666666666667,,50.0,,,11.5,22.666666666666668,28.444444444444443,25.833333333333332,,,,17.75,value
2019-10-25,,,,44.333333333333336,23.666666666666668,,,21.5,,25.0,33.833333333333336,,,21.833333333333332,value
2019-10-26,,,,,,21.75,24.142857142857142,,,25.296296296296294,,,,20.333333333333332,value
2019-10-27,,,,,,,15.8,,31.75,15.666666666666666,,,,,value
2019-10-28,,,,62.916666666666664,,41.333333333333336,,10.625,,28.5,24.0,,,26.142857142857142,regular
2019-10-29,,,,,,23.666666666666668,4.5,,24.833333333333332,15.933333333333332,23.5,,13.666666666666666,18.75,regular
2019-10-30,19.25,,,56.666666666666664,,,,10.666666666666666,23.625,23.01666666666667,,,,13.138888888888888,regular
2019-10-31,14.333333333333334,,,25.0,,24.333333333333332,21.2,,21.61904761904762,19.511111111111113,,,17.25,16.0,regular
2019-11-01,9.0,12.333333333333334,,,21.0,19.0,9.833333333333334,22.666666666666668,28.125,47.0,,,28.333333333333332,23.5,regular
2019-11-02,21.8,,,,23.5,,,17.333333333333332,16.333333333333332,44.97222222222222,25.666666666666668,,4.4,13.375,regular
2019-11-03,,,26.25,,,,22.166666666666668,,,24.333333333333332,,,,,regular
2019-11-04,,,,,,,28.571428571428573,,,,,,35.166666666666664,32.0,regular
2019-11-05,,,,,,,28.666666666666668,,,,,,,,regular
2019-11-06,,,,,,,,,,47.666666666666664,33.666666666666664,,,,regular
2019-11-08,,,,,,,14.0,,35.666666666666664,,,,,,regular
2019-11-10,,,31.333333333333332,,,,26.333333333333332,,,,,,,19.0,regular
2019-11-11,,33.333333333333336,,,,,20.357142857142858,,53.25,,,,,,regular
2019-11-12,,,18.666666666666668,,,,12.0,,38.333333333333336,,,,,,value
2019-11-13,32.125,,,,,,,39.666666666666664,,41.27777777777778,,,,34.75,value
2019-11-14,,,37.333333333333336,,,,13.333333333333334,,,,24.166666666666668,,14.833333333333334,47.0,value
2019-11-15,,,,,,,10.25,,22.166666666666668,,,,15.333333333333334,,value
2019-11-16,,,,,,58.0,,,,72.0,,,,36.833333333333336,value
2019-11-17,,,,,,,13.875,,27.0625,48.166666666666664,,,,,value
2019-11-18,28.0,,25.0,,22.2,,,,,,31.666666666666668,,,25.333333333333332,value
2019-11-19,29.666666666666668,,,49.555555555555564,34.333333333333336,,,,36.75,48.0,45.666666666666664,,,,value
2019-11-20,,,,54.666666666666664,,,,29.7,,47.833333333333336,,,18.0,28.866666666666664,value
2019-11-21,,,,,,,,,,39.0,,,21.75,21.333333333333332,value
2019-11-22,,,,,,,10.0,,,,,,,33.166666666666664,peak
2019-11-23,,,28.0,,,,,,,,,,,41.75,peak
2019-11-24,,,,,,,12.75,,,,,,23.0,,peak
2019-11-26,,,41.22222222222222,,,,,,,,,,,,peak
2019-11-27,,,,,,,30.833333333333332,55.333333333333336,,,47.5,,24.2,,peak
2019-11-28,24.0,17.666666666666668,,,,,,,,,,,,42.0,peak
2019-11-30,,19.666666666666668,,102.33333333333333,,,21.0,,,,,,,,peak
2019-12-01,13.666666666666666,,20.5,61.0,,,18.805555555555557,,43.0625,36.08333333333333,20.333333333333332,,9.375,26.0,peak
2019-12-02,,,,,,,13.25,39.75,,71.375,,,,62.875,peak
2019-12-03,,,26.0,,,,17.666666666666668,,55.0,45.333333333333336,,,5.333333333333333,,peak
2019-12-04,19.75,,,,,,32.333333333333336,,,34.0,9.25,,,29.75,value
2019-12-05,,,13.5,52.0,,,,,33.0,37.0,,,,30.375,value
2019-12-06,,,,,,,18.25,,23.0,,,,,22.777777777777775,value
2019-12-07,,,,,,,14.125,,,,,,,,value
2019-12-08,,,,,,,9.333333333333334,26.333333333333332,33.22222222222222,29.8,,,26.416666666666668,14.583333333333334,value
2019-12-09,19.5,,18.0,28.0,,,,,,,,,,,value
2019-12-10,,,,,,,10.625,,26.666666666666668,,31.666666666666668,,,45.666666666666664,value
2019-12-11,15.6,,,,,,,,,39.333333333333336,,,,16.8,value
2019-12-12,,,,,,,11.333333333333334,,29.4,32.375,,,,19.4,value
2019-12-13,38.333333333333336,,,,,,17.8,,,,27.0,,14.25,27.866666666666664,value
2019-12-14,21.833333333333332,,,,,,,24.333333333333332,,,21.0,5.875,,24.25,value
2019-12-15,,29.2,,,,,19.0,,,45.333333333333336,,,,25.5,value
2019-12-16,,,,,,,13.666666666666666,,,43.333333333333336,,,,37.6,value
2019-12-17,,,,,,37.5,16.2,,18.0,,,20.833333333333332,,23.1,value
2019-12-18,,,,,,,,29.333333333333332,,41.375,,,,29.833333333333332,peak
2019-12-19,,,,,,,18.666666666666668,,,,,,19.5,,peak
2019-12-20,,,,,,,17.11111111111111,,,,22.625,,,,peak
2019-12-21,22.125,13.666666666666666,,,,,27.666666666666668,,,34.833333333333336,27.5,,,28.3,peak
2019-12-22,,,,107.33333333333333,,,14.125,,,,,,,41.166666666666664,peak
2019-12-24,,,,,,,30.0,,,,,,,,peak
2019-12-25,,,,,,,,,,,,,,25.666666666666668,peak
2019-12-26,,,,,,,,,,47.333333333333336,45.833333333333336,,,55.75,peak
2019-12-27,29.666666666666668,,,,,,,,,,,,35.666666666666664,,peak
2019-12-28,,,,109.83333333333333,,,22.333333333333332,42.0,,,,,,,peak
2019-12-29,,32.333333333333336,,,,,23.0,,,,,,,,peak
2019-12-30,,,,76.16666666666667,,48.0,28.5,,,,,,,,peak
2019-12-31,,10.666666666666666,,89.66666666666667,,30.777777777777782,32.833333333333336,,,57.125,,,,35.375,peak
2020-01-01,,,,,,,22.8,,,,,,,,
2020-01-02,,,,,,,,,,,63.5,,47.25,70.0,
2020-01-03,,,,,,,28.333333333333332,,,94.16666666666667,,,,,
2020-01-04,,22.46666666666667,13.71111111111111,142.375,25.666666666666668,8.533333333333333,26.375,,,,,,,,
2020-01-05,,,,,,,,,,,,,,41.833333333333336,
2020-01-06,,,,,,,,,,,25.666666666666668,27.333333333333332,,,
2020-01-07,,45.5,,,,,19.0,,,,29.333333333333332,,,44.625,
2020-01-08,24.75,,,,,,22.333333333333332,,,,18.333333333333332,,,34.5,
2020-01-09,,,19.0,,,,27.75,,,,19.0,,,37.5,
2020-01-10,,28.666666666666668,,,,29.166666666666668,,,,,20.0,,,24.0,
2020-01-11,,,,,,,16.333333333333332,17.333333333333332,,,21.25,,,,
2020-01-12,21.0,,28.666666666666668,106.16666666666667,,35.5,14.033333333333331,26.666666666666668,,36.4,25.0,11.875,,29.0,
2020-01-13,,,9.625,,19.11111111111111,,16.25,,,,14.333333333333334,,,,
2020-01-14,19.0,,29.0,,,,,24.5,,,23.875,8.666666666666666,,29.8,
2020-01-15,26.642857142857142,,,,,,,29.333333333333332,,54.916666666666664,18.666666666666668,,,30.65476190476191,
2020-01-16,23.333333333333332,19.333333333333332,32.666666666666664,,,43.666666666666664,17.375,,,,,,,49.083333333333336,
2020-01-17,,,,,,,,,,52.44444444444445,24.5,,,32.75,
2020-01-18,,,,,,,19.0,,,86.22222222222221,,,,53.4,
2020-01-19,,52.0,,,,,46.666666666666664,,,,,,,48.4,
2020-01-20,,29.0,,,,,24.75,,,,,,,,
2020-01-21,,,25.333333333333332,,10.666666666666666,,,,,,,,,,
2020-01-22,,,,,,,,,55.666666666666664,,,4.25,,34.833333333333336,
2020-01-23,,,,,,,22.333333333333332,,,,,,,,
2020-01-24,27.666666666666668,,,,,,34.333333333333336,,,39.333333333333336,32.666666666666664,,,33.833333333333336,
2020-01-25,,33.333333333333336,,,,,28.6,,,,,,,45.25,
2020-01-26,,,,,,,24.5,,,,,,,27.666666666666668,
2020-01-27,,39.666666666666664,,,37.916666666666664,,14.5,,,,,,,47.8,
2020-01-28,,25.166666666666668,,,,,,21.666666666666668,,44.833333333333336,20.0,,,49.1,
2020-01-29,24.3,,,,,,17.0,,35.75,29.625,,,,,
2020-01-30,,25.666666666666668,,,,,,,,,13.375,,,33.25,
2020-01-31,,,,53.666666666666664,,42.333333333333336,17.119047619047617,,,74.0,,,,40.833333333333336,
2020-02-01,,,18.5,,,,27.0,,,53.0,,,,30.0,
2020-02-02,,,,,,,15.333333333333334,,,,,,,,
2020-02-03,,31.666666666666668,,,,,17.75,,,,,,,,
2020-02-04,,,,82.33333333333333,,,,,,,32.75,,,43.666666666666664,
2020-02-05,,13.0,,,,,,,,,,,,,
2020-02-06,,,,,,,30.875,,,,,,,,
2020-02-07,,,,,,,33.833333333333336,,,66.66666666666667,,,,,
2020-02-08,,,,,,,,,,,,,,65.875,
2020-02-09,,,,,,,27.9,,36.333333333333336,,,,,,
2020-02-10,,,,,,,,,,,32.61111111111111,,,46.333333333333336,
2020-02-11,31.75,25.0,,,,,12.666666666666666,,,,12.666666666666666,,,38.333333333333336,
2020-02-12,,,18.25,,,23.333333333333332,,,,,,,,,
2020-02-13,,,,,,,,,,,,,,59.0,
2020-02-16,,43.0,,,,,39.333333333333336,,,,,,,,
2020-02-18,,,,,,,41.25,,,,42.666666666666664,,,,
2020-02-19,,,,,,,,,,110.66666666666667,,,,,
2020-02-20,,,,,,,18.166666666666668,,,,,,,,
2020-02-22,35.0,,,,,,,,,,29.333333333333332,,,50.166666666666664,
2020-02-23,,26.5,,,,,,,,,,23.666666666666668,,,
2020-02-24,,,,,,,32.75,,,,30.333333333333332,,,,
2020-02-25,,,,,,,34.44444444444445,,37.666666666666664,,,,,,
2020-02-26,31.666666666666668,,,,,,,,,,16.833333333333332,,,,
2020-02-27,,,,,,,19.2,,,,,,,,
2020-02-28,,,,,,67.0,21.0,,73.33333333333333,44.625,26.5,,,,
2020-02-29,32.0,,,,,58.666666666666664,,,,,,,,,
2021-01-01,,24.75,13.533333333333333,76.16666666666667,14.8,,32.095238095238095,,49.666666666666664,36.75,37.333333333333336,19.666666666666668,45.229166666666664,12.033333333333335,peak
2021-01-02,12.333333333333334,,16.375,,18.875,30.222222222222225,31.416666666666668,,67.75,58.0,29.75,19.0,44.2,26.9375,
2021-01-03,12.0,,11.642857142857142,51.125,10.833333333333334,,21.5,,28.833333333333332,42.8,32.916666666666664,7.75,14.2,21.805555555555557,
2021-01-04,,27.8,19.133333333333333,38.42857142857143,13.233333333333334,,39.75,,,62.0,17.833333333333332,,,13.666666666666666,
2021-01-05,,33.333333333333336,10.0,35.916666666666664,15.785714285714286,45.0,37.9,,59.0,49.4,18.55,5.7,37.0,27.816666666666663,
2021-01-06,,39.375,11.80952380952381,41.0,16.633333333333333,41.666666666666664,27.904761904761905,33.625,42.333333333333336,33.25,20.625,1.1666666666666667,28.45,18.142857142857142,
2021-01-07,7.625,,6.833333333333333,,18.666666666666668,,24.645833333333336,31.988095238095237,41.833333333333336,34.166666666666664,17.7,,15.5,20.819444444444443,
2021-01-08,,24.666666666666668,8.972222222222223,,,40.5,44.41666666666667,39.5,48.25,32.02777777777778,20.5,,21.583333333333332,16.369999999999997,
2021-01-09,,36.333333333333336,13.091666666666667,50.84375,13.1875,52.07142857142857,34.75,25.833333333333332,38.0,24.7,23.0,7.25,8.6,14.933333333333334,
2021-01-10,,25.0,8.125,34.86111111111111,13.666666666666666,,27.099999999999998,15.666666666666666,38.08333333333333,18.583333333333332,12.666666666666666,,10.4,18.466666666666665,
2021-01-11,,,,17.571428571428573,,,19.9,24.055555555555557,39.33333333333333,18.8,14.7,5.5,,16.8,
2021-01-12,,,4.671428571428571,20.25,4.0,,22.083333333333336,,41.125,26.38888888888889,15.0,7.166666666666667,,12.464285714285714,
2021-01-13,,,,18.25,,,19.566666666666666,11.708333333333332,25.0,24.333333333333332,12.375,4.666666666666667,,12.166666666666666,
2021-01-14,,,4.75,24.5,,30.666666666666668,,9.0,29.666666666666668,20.02777777777778,19.333333333333332,,19.0,8.9,
2021-01-15,,12.5,4.833333333333333,26.5,4.9,,31.333333333333332,,32.25,30.75,,,,17.25,
2021-01-16,11.625,,11.733333333333333,41.26190476190476,14.666666666666666,,43.75,22.833333333333332,36.0,36.82142857142857,26.166666666666668,10.75,21.333333333333332,19.194444444444446,
2021-01-17,16.0,,,52.166666666666664,14.333333333333334,,,30.0,,,25.333333333333336,16.2,20.857142857142858,20.75,
2021-01-18,,34.75,10.466666666666667,54.75,12.9,,27.5,22.61111111111111,51.0,43.5,,9.666666666666666,19.083333333333332,15.125,
2021-01-19,,,,21.5,,,21.5,19.0,36.0,31.214285714285715,23.333333333333332,3.0,,11.75,
2021-01-20,,,,11.0,,,10.5,,33.75,29.666666666666668,,,23.0,9.625,
2021-01-21,,,,,3.3333333333333335,,,11.7,39.666666666666664,16.4,8.833333333333334,,,13.125,
2021-01-22,,,,,5.0,,,10.666666666666666,,,15.0,,26.133333333333336,,
2021-01-23,,,8.0,35.20833333333333,4.333333333333333,18.5,25.666666666666668,20.666666666666668,37.875,24.5,17.5,,23.5,12.333333333333334,
2021-01-24,,12.666666666666666,,29.6,6.833333333333333,24.833333333333332,19.0,11.375,32.25,28.333333333333332,17.5,,23.8,9.4,
2021-01-25,,,5.5,18.9,7.5,35.0,22.25,14.666666666666666,47.0,23.6,11.333333333333334,,18.333333333333332,7.8,
2021-01-26,16.2,,,,6.333333333333333,,,16.75,37.333333333333336,20.333333333333336,17.75,,,11.333333333333334,
2021-01-27,,,2.3333333333333335,,,,,,39.5,18.0,18.5,3.25,,11.666666666666666,
2021-01-28,9.6,,5.0,,,,20.966666666666665,15.45238095238095,28.2,26.625,11.625,,,14.904761904761903,
2021-01-29,,,4.5,,,,29.333333333333332,15.375,41.0,28.8,23.0,6.333333333333333,25.666666666666668,16.5,
2021-01-30,,12.0,12.3125,38.166666666666664,10.738095238095239,,24.666666666666668,,49.25,32.9,22.4375,12.75,21.25,21.0,
2021-01-31,,,8.166666666666666,25.833333333333332,6.666666666666667,17.0,26.694444444444446,18.2,36.07142857142857,36.2,9.5,,11.875,13.9,
2021-02-01,,,2.575,17.916666666666668,6.666666666666667,24.8,16.4,14.25,32.25,28.309523809523807,12.0,,,14.75,
2021-02-02,7.125,,6.166666666666667,,6.666666666666667,,21.5,10.404761904761903,34.666666666666664,20.655844155844157,,,3.3333333333333335,12.083333333333334,
2021-02-03,11.875,14.333333333333334,5.766666666666667,21.238095238095237,12.166666666666668,31.541666666666664,,19.666666666666668,36.0,21.625,20.333333333333332,,,9.6,
2021-02-04,,,5.74,19.714285714285715,,,20.5,16.375,40.9,28.379629629629633,15.25,,,17.152380952380952,
2021-02-05,,,4.333333333333333,19.357142857142858,7.375,45.0,30.4,13.6,50.357142857142854,27.0,,9.0,24.833333333333332,9.875,
2021-02-06,,,10.916666666666666,31.1875,,36.0,28.0625,18.333333333333332,40.1,,,,19.333333333333332,17.714285714285715,
2021-02-07,,,,20.25,13.75,,18.0,14.5,36.142857142857146,23.958333333333332,24.833333333333332,,18.6,14.6,
2021-02-08,14.0,,,14.0,,,21.0,19.88888888888889,52.2,24.533333333333335,11.25,3.5,17.666666666666668,12.333333333333334,
2021-02-09,,12.333333333333334,3.9,28.25,5.833333333333333,16.666666666666668,,33.333333333333336,33.29166666666667,30.666666666666664,11.666666666666666,,24.0,17.642857142857142,
2021-02-10,,,,22.7,,,12.75,15.0,,23.666666666666664,14.875,,,17.2,
2021-02-11,,,,,,,23.033333333333335,21.0,42.875,39.357142857142854,17.0,,22.4,16.055555555555554,
2021-02-12,,,9.0,34.25,15.4,,27.5,,56.533333333333324,34.9,24.36111111111111,6.1,37.94444444444444,16.083333333333332,
2021-02-13,15.333333333333334,24.875,13.65,44.96666666666667,13.142857142857142,50.666666666666664,46.25,17.833333333333332,55.5,51.75,,,29.166666666666668,15.3,
2021-02-14,,38.333333333333336,17.729166666666668,51.833333333333336,13.333333333333332,49.25,32.77777777777778,,43.333333333333336,56.555555555555564,45.93333333333333,21.166666666666668,,21.666666666666668,
2021-02-15,14.666666666666666,,16.142857142857142,51.0,16.333333333333332,,29.5,,57.333333333333336,50.875,30.5,,39.916666666666664,27.2,
2021-02-16,14.833333333333334,,18.0,66.33333333333333,17.166666666666668,,,48.0,50.0,58.333333333333336,35.214285714285715,11.733333333333333,31.333333333333332,32.8,
2021-02-17,,,12.666666666666668,42.0,12.666666666666666,,40.083333333333336,33.75,66.875,50.5,30.666666666666668,13.0,27.333333333333332,24.36111111111111,
2021-02-18,,36.666666666666664,12.8,45.166666666666664,30.9,39.0,31.0,37.25,,43.625,,10.0,,22.555555555555554,
2021-02-19,,27.25,9.5,51.6,,,,33.791666666666664,55.888888888888886,59.6,18.61111111111111,,,23.388888888888886,
2021-02-20,24.333333333333332,51.5,16.0,53.5,22.25,,42.166666666666664,,55.625,40.55555555555556,26.75,,24.666666666666668,17.055555555555557,
2021-02-21,9.6,36.5,20.0,47.88095238095237,16.666666666666668,,,41.3,73.66666666666667,36.5,32.333333333333336,,25.125,22.777777777777782,
2021-02-22,,27.125,6.611111111111111,33.53333333333333,11.0,33.0,42.33333333333333,33.0,46.25,39.083333333333336,28.2,8.375,34.916666666666664,19.6,
2021-02-23,18.125,,8.066666666666666,35.5625,13.333333333333334,,51.333333333333336,21.261904761904763,60.0,35.166666666666664,18.125,,41.375,18.383333333333333,
2021-02-24,,,6.625,39.333333333333336,19.88888888888889,,41.33333333333333,24.833333333333332,48.16666666666667,34.875,26.63888888888889,8.25,23.8,23.875,
2021-02-25,,40.0,11.1,42.875,19.11111111111111,,37.03333333333333,26.0,,34.61111111111111,20.9375,,39.5,31.601851851851855,
2021-02-26,,36.333333333333336,14.333333333333334,43.708333333333336,15.791666666666666,67.33333333333333,31.125,16.0,50.714285714285715,29.625,25.266666666666666,,48.857142857142854,18.738095238095237,
2021-02-27,,,14.428571428571429,45.138888888888886,18.25,50.2,44.08,,45.8,27.56666666666667,30.75,,39.3,18.857142857142858,
2021-02-28,,,11.907407407407407,27.625,19.285714285714285,29.666666666666668,40.25,26.333333333333332,36.83333333333333,36.5,14.125,7.5,43.785714285714285,15.459999999999999,
2021-03-01,16.666666666666668,,6.166666666666667,29.0,10.5,,35.333333333333336,20.571428571428573,42.5,27.11904761904762,23.0,2.25,41.7,15.833333333333334,
2021-03-02,16.0,,3.875,30.03333333333334,14.5,,30.928571428571427,22.333333333333332,,30.541666666666664,14.5,,34.0,19.535714285714285,
2021-03-03,13.0,,,21.625,12.125,,33.0,,,38.43333333333333,20.25925925925926,5.75,26.333333333333332,20.041666666666668,
2021-03-04,,,13.333333333333334,38.25,12.75,,34.8,24.666666666666668,54.0,27.5,29.88888888888889,17.666666666666668,39.333333333333336,19.416666666666668,
2021-03-05,17.166666666666668,21.375,10.25,31.6,13.875,,,21.928571428571427,40.30555555555555,39.83333333333333,24.93333333333333,11.666666666666666,,23.3125,
2021-03-06,7.166666666666667,32.333333333333336,9.2,40.357142857142854,18.833333333333332,,25.666666666666668,20.61904761904762,23.6,29.571428571428573,25.880952380952383,,18.75,15.833333333333334,
2021-03-07,,37.166666666666664,11.619047619047619,40.5625,18.785714285714285,31.5,44.3,28.666666666666668,34.46666666666667,,,9.333333333333334,35.0,36.25,
2021-03-08,21.708333333333332,46.666666666666664,15.1,48.125,21.5,,46.3,33.1,38.0625,39.916666666666664,25.425925925925927,13.75,,29.309523809523807,
2021-03-09,,43.5,18.8,52.6,22.821428571428573,,42.625,43.8,38.1,46.94444444444444,32.5,15.0,63.6,29.0,
2021-03-10,,38.625,12.90625,59.72222222222222,11.291666666666666,55.416666666666664,38.72222222222222,50.833333333333336,37.575,49.166666666666664,30.145833333333332,13.875,41.9,21.0,
2021-03-11,20.714285714285715,,12.285714285714286,47.88888888888889,17.875,,30.25,26.944444444444443,38.458333333333336,41.375,23.6875,19.4,55.94444444444444,18.733333333333334,
2021-03-12,14.583333333333334,23.055555555555557,13.80952380952381,35.61666666666667,11.531746031746032,51.47222222222222,38.26190476190476,32.916666666666664,38.3,29.1,23.15625,14.25,48.38095238095239,23.0,
2021-03-13,10.666666666666666,,14.708333333333334,49.5,18.319444444444446,,37.67857142857143,27.047619047619047,38.976190476190474,45.375,30.416666666666668,,35.19444444444444,16.85,
2021-03-14,13.333333333333334,31.0,18.679166666666667,53.111111111111114,13.925925925925926,37.083333333333336,34.47222222222222,38.8125,25.634920634920633,32.4,30.8,14.75,44.31428571428571,17.80952380952381,
2021-03-15,17.3,,14.25,50.125,35.04166666666667,,32.0,21.4,41.92857142857143,46.028571428571425,31.55,16.52777777777778,47.40833333333334,23.98148148148148,
2021-03-16,16.0,37.66666666666667,15.106666666666666,50.380303030303025,21.645833333333332,44.583333333333336,31.571428571428573,22.966666666666665,38.25,41.128571428571426,38.05555555555556,9.611111111111112,51.59523809523809,21.354166666666668,
2021-03-17,15.3,,14.226190476190476,51.388888888888886,22.583333333333332,41.45,38.958333333333336,24.0,47.0,36.0,42.78787878787879,11.357142857142858,52.6,17.142857142857142,
2021-03-18,19.5,,9.071428571428571,55.583333333333336,23.0,51.833333333333336,32.22222222222222,35.875,41.854166666666664,44.15,32.6875,12.25,50.175,21.118518518518517,
2021-03-19,14.25,20.0,12.458333333333334,56.916666666666664,23.083333333333332,40.91666666666667,33.96296296296296,29.222222222222225,46.0625,46.6,30.0,17.833333333333332,35.06666666666666,24.564814814814813,
2021-03-20,18.166666666666668,35.8,10.231481481481481,41.943333333333335,14.822916666666666,39.2,19.8,29.0,35.285714285714285,49.0,28.666666666666668,5.666666666666667,9.166666666666668,19.479166666666668,
2021-03-21,15.583333333333334,39.0,15.054166666666667,50.19444444444445,19.5,32.93333333333333,25.583333333333332,29.291666666666668,35.97222222222222,40.0,28.166666666666668,15.583333333333334,10.611111111111112,25.453703703703706,
2021-03-22,19.875,,13.138888888888888,48.166666666666664,25.433333333333334,20.75,41.57142857142857,33.875,37.3125,38.31666666666667,40.8125,15.166666666666668,20.5,23.71212121212121,
2021-03-23,,36.75,10.375,44.888888888888886,13.270833333333334,25.270833333333332,33.666666666666664,30.714285714285715,29.2,46.4,29.0,13.2,36.25,27.479166666666664,
2021-03-24,,,13.675,45.43333333333334,24.1,19.166666666666664,40.28333333333333,25.933333333333337,43.53333333333333,33.416666666666664,32.63333333333333,17.452380952380953,48.416666666666664,25.178571428571427,
2021-03-25,25.333333333333332,16.166666666666668,7.428571428571429,32.791666666666664,13.5,7.0,29.226666666666667,26.25,38.68518518518519,33.166666666666664,21.166666666666664,7.5,48.208333333333336,19.88888888888889,
2021-03-26,12.166666666666666,28.583333333333336,8.842857142857143,40.458333333333336,19.8,15.875,34.166666666666664,37.23809523809524,37.48148148148148,31.0952380952381,17.2,7.375,39.833333333333336,18.62962962962963,
2021-03-27,23.3,34.3125,10.125,52.6,18.21875,15.75,29.041666666666664,29.805555555555557,35.976190476190474,41.5,26.1,11.083333333333334,42.166666666666664,22.083333333333332,
2021-03-28,10.25,35.0,12.027777777777779,55.92857142857143,19.041666666666668,20.5,30.555555555555554,47.19047619047619,34.88888888888889,61.25,22.0,7.166666666666666,45.42857142857143,20.90625,
2021-03-29,5.0,53.9,13.06111111111111,72.26666666666667,20.777777777777775,19.142857142857142,44.083333333333336,39.32142857142857,42.111111111111114,61.611111111111114,36.42857142857143,14.142857142857142,40.25925925925926,27.09375,
2021-03-30,12.888888888888888,,14.0,45.791666666666664,18.8,18.041666666666668,36.42857142857143,34.0625,31.916666666666668,59.03333333333334,44.48148148148148,16.833333333333336,45.125,19.61111111111111,
2021-03-31,20.25,38.125,14.65625,52.22222222222222,26.43333333333333,20.833333333333332,33.72222222222222,30.6875,34.916666666666664,36.583333333333336,37.375,13.625,60.0,22.85,
2021-04-01,7.7333333333333325,,12.875,50.25,,26.666666666666668,37.85,31.188888888888886,49.625,56.90909090909091,46.51851851851852,15.25,41.5,18.62222222222222,
2021-04-02,12.5,45.0,16.63888888888889,62.714285714285715,20.38095238095238,,43.273809523809526,30.6,45.81666666666667,85.375,41.1,11.0,41.833333333333336,21.785714285714285,
2021-04-03,10.0,26.6,13.61111111111111,60.71875,16.962962962962962,10.857142857142858,29.083333333333332,34.875,38.875,53.416666666666664,32.6,13.366666666666665,46.0,20.55,
2021-04-04,15.333333333333334,,12.666666666666668,,13.5,13.5,32.93650793650794,42.9375,40.888888888888886,48.7,38.0,12.5,56.357142857142854,21.183333333333334,
2021-04-05,,,16.63888888888889,54.25,21.375,11.875,41.095238095238095,32.05555555555556,41.095238095238095,41.72222222222222,30.666666666666668,14.083333333333332,50.31666666666666,16.40625,
2021-04-06,18.6,33.06666666666667,19.728571428571428,93.2,30.875,23.190476190476186,34.870370370370374,39.83333333333333,57.76190476190476,45.77777777777778,39.833333333333336,18.0,64.53333333333333,17.88888888888889,
2021-04-07,7.333333333333333,41.5,19.467261904761905,52.44444444444444,27.145833333333332,21.9375,34.5,35.5,,55.25,36.604166666666664,16.380952380952383,54.083333333333336,25.166666666666664,
2021-04-08,9.733333333333333,34.75,13.125,62.2,,20.166666666666668,43.06666666666667,28.23333333333333,45.07142857142857,43.96875,42.851851851851855,9.875,38.4,17.891666666666666,
2021-04-09,,34.214285714285715,14.514285714285714,46.0462962962963,30.583333333333332,17.72222222222222,20.5,45.1,41.92857142857143,30.583333333333332,31.833333333333332,14.777777777777779,55.611111111111114,17.821428571428573,
2021-04-10,12.75,32.08333333333333,10.357142857142858,49.5,11.944444444444443,14.142857142857142,14.7,27.375,25.75,48.0,24.1,,45.27777777777778,20.5,
2021-04-11,,,,,,,15.104166666666668,22.0,28.375,,11.75,,32.13333333333334,12.5,
2021-04-12,,,5.166666666666667,39.5,36.125,18.166666666666668,20.875,33.1,38.357142857142854,53.57142857142857,27.0,24.066666666666666,37.3125,19.104166666666668,
2021-04-13,10.666666666666666,25.0,,40.663636363636364,31.555555555555557,21.25,25.333333333333332,16.1,33.3,35.47222222222222,21.36111111111111,17.333333333333332,45.47777777777778,17.675925925925927,
2021-04-14,15.0,,7.666666666666667,42.42857142857143,25.44,22.333333333333332,26.916666666666668,21.5,25.333333333333332,29.5625,29.73333333333333,17.833333333333332,68.33333333333333,16.944444444444446,
2021-04-15,7.166666666666667,22.666666666666668,8.533333333333333,35.333333333333336,19.642857142857142,14.6,18.458333333333332,23.625,31.604166666666664,30.13095238095238,26.6,18.5,43.270833333333336,14.5,
2021-04-16,13.0625,23.666666666666668,9.25,40.714285714285715,14.666666666666668,15.333333333333334,20.25,28.416666666666668,31.77777777777778,29.604166666666668,25.916666666666668,13.0,45.976190476190474,13.4,
2021-04-17,9.916666666666666,35.9375,8.635416666666666,43.583333333333336,21.4,19.5,22.1875,24.928571428571427,25.0625,34.642857142857146,30.285714285714285,13.333333333333334,28.76190476190476,20.206666666666667,
2021-04-18,,24.666666666666668,10.28125,43.79464285714286,25.942857142857143,14.821428571428571,19.02777777777778,19.857142857142858,28.8,35.214285714285715,26.53333333333333,12.4,33.1,17.555555555555554,
2021-04-19,16.0,,7.833333333333333,30.083333333333332,34.625,23.875,26.166666666666668,31.666666666666668,28.89393939393939,40.726190476190474,23.21875,10.25,37.375,15.592592592592593,
2021-04-20,,28.5,19.1,34.642857142857146,25.833333333333332,13.666666666666666,,23.66,30.333333333333332,33.2,22.354166666666668,10.857142857142858,,15.444444444444445,
2021-04-21,,34.916666666666664,10.4,36.2,40.729166666666664,26.333333333333332,28.375,27.666666666666668,38.625,,28.020833333333332,16.569444444444443,39.333333333333336,25.26666666666667,
2021-04-22,22.88888888888889,27.933333333333337,10.25,46.483333333333334,26.75,22.6,25.166666666666668,26.354166666666668,38.25,50.70833333333333,28.7,,51.261904761904766,18.058333333333334,
2021-04-23,,25.25,6.821428571428571,42.92916666666667,14.45,14.6,22.43333333333333,31.2,33.266666666666666,42.7,27.6,5.8,33.9375,14.245833333333334,
2021-04-24,,32.583333333333336,9.8125,41.94444444444444,14.333333333333334,25.633333333333333,19.083333333333332,29.9,26.5,37.17,35.5,8.833333333333332,38.291666666666664,12.444444444444445,
2021-04-25,,29.75,11.916666666666666,41.857142857142854,13.142857142857142,19.75,14.266666666666666,18.666666666666668,26.321428571428573,27.1,25.071428571428573,13.666666666666666,37.083333333333336,17.06666666666667,
2021-04-26,16.916666666666668,,7.416666666666667,41.3,17.2,25.0,23.0,21.8125,32.71666666666667,32.36666666666667,30.6875,13.708333333333334,36.9,18.375,
2021-04-27,12.25,32.75,7.625,40.31818181818182,19.77777777777778,23.238095238095237,26.8,16.5,32.416666666666664,32.55555555555556,26.083333333333336,14.125,40.9,16.556666666666665,
2021-04-28,13.833333333333334,36.5,7.381481481481482,44.583333333333336,39.642857142857146,14.0,17.5,18.071428571428573,25.416666666666668,36.5,23.666666666666668,12.933333333333334,37.77777777777778,16.89666666666667,
2021-04-29,,30.333333333333332,8.34375,35.93333333333333,29.571428571428573,18.333333333333332,18.666666666666668,24.5,29.9375,32.333333333333336,37.4,9.2,46.1,18.5,
2021-04-30,12.4,21.333333333333332,15.5,41.166666666666664,10.888888888888888,21.5,14.75,32.1,26.642857142857142,31.276190476190475,22.875,,32.666666666666664,17.30952380952381,regular
2021-05-01,,,11.464814814814815,51.83333333333333,14.972222222222221,20.222222222222225,22.583333333333332,,25.0,29.476190476190478,21.666666666666668,8.25,48.875,15.25,regular
2021-05-02,,,,47.94444444444445,18.375,23.25,12.19047619047619,32.8,27.5,31.4,27.625,,39.03333333333333,14.625,regular
2021-05-03,10.583333333333334,,27.25,52.5,35.06666666666667,29.0,17.1,31.708333333333332,28.333333333333332,43.67708333333333,30.447916666666668,12.306666666666667,44.0,19.166666666666668,regular
2021-05-04,,46.666666666666664,12.6,44.55,30.133333333333333,26.7,29.4,17.5,28.11111111111111,35.166666666666664,,10.0,47.69444444444445,10.25,
2021-05-05,15.333333333333334,49.5,10.833333333333334,45.291666666666664,25.825,16.75,,23.333333333333332,25.466666666666665,41.0,30.983333333333334,6.5,41.875,18.791666666666668,
2021-05-06,11.0,28.666666666666668,7.166666666666667,38.38888888888889,21.166666666666668,24.5,17.666666666666664,,30.416666666666668,42.4,30.5,11.476190476190476,38.833333333333336,15.71875,
2021-05-07,11.75,28.333333333333332,9.395833333333334,53.6875,15.1875,18.25,20.425925925925927,21.074074074074076,29.166666666666668,32.089999999999996,22.25,4.333333333333333,42.90277777777778,17.068253968253966,
2021-05-08,16.0,,12.833333333333332,58.0,23.5,11.666666666666668,21.142857142857142,30.5,33.5,35.5,22.88888888888889,10.4,37.270833333333336,19.25,
2021-05-09,14.1,37.0,20.8,68.83333333333333,28.25,19.2,12.166666666666666,24.361111111111114,25.666666666666668,30.690476190476193,20.416666666666668,,32.666666666666664,12.8125,regular
2021-05-10,16.5,,9.714285714285714,80.7,11.2,13.666666666666666,21.8,24.0,28.928571428571427,41.1,27.5,2.625,,18.9375,
2021-05-11,24.5,,8.766666666666667,63.6,23.5,26.1,20.25,28.2,35.05555555555556,45.916666666666664,22.433333333333334,6.0,44.666666666666664,25.240740740740744,regular
2021-05-12,15.333333333333334,15.625,14.305555555555557,54.83333333333333,23.95,,22.5,29.0,,,23.375,,52.166666666666664,20.571428571428573,
2021-05-13,,41.44444444444444,10.658333333333333,51.80555555555555,38.208333333333336,17.928571428571427,21.428571428571427,29.72,29.6875,50.285714285714285,47.458333333333336,5.75,38.25,20.43333333333333,regular
2021-05-14,15.916666666666666,,11.25,45.75,27.0,17.1,25.3,31.0,30.34259259259259,53.5,29.642857142857142,,33.825,16.81969696969697,
2021-05-15,26.333333333333332,22.0,11.728333333333333,52.48979591836735,28.354166666666668,18.52857142857143,14.9,39.0,31.142857142857142,,37.33333333333333,,26.23333333333333,27.041666666666668,
2021-05-16,13.0,27.125,13.416666666666666,52.714285714285715,29.357142857142858,17.083333333333332,25.4375,27.3,32.95238095238095,50.8,28.125,3.0,42.6,19.525,regular
2021-05-17,23.0,,14.166666666666666,63.9,22.5,25.5,,40.952380952380956,39.94444444444444,49.714285714285715,44.25,6.75,34.52777777777778,23.5625,
2021-05-18,15.0,22.222222222222218,13.928571428571429,57.194444444444436,28.428571428571427,33.2,35.0,33.416666666666664,38.785714285714285,43.785714285714285,28.571428571428573,7.0,33.67857142857143,18.035714285714285,
2021-05-19,15.625,20.833333333333332,9.476190476190476,54.333333333333336,35.2,22.566666666666666,39.75,27.064814814814813,34.4,43.6047619047619,35.464285714285715,9.583333333333334,31.1,21.664285714285715,
2021-05-20,,20.38888888888889,10.247619047619049,55.625,53.125,33.666666666666664,30.3,31.928571428571427,32.0,41.88888888888889,32.794444444444444,8.0,37.357142857142854,23.666666666666664,regular
2021-05-21,13.333333333333334,17.666666666666668,13.55,59.30952380952382,24.38888888888889,26.68,32.351851851851855,35.666666666666664,27.75,41.142857142857146,22.5,1.0,36.9375,17.242857142857144,regular
2021-05-22,16.0,10.733333333333333,15.552083333333332,44.75,24.80612244897959,18.444444444444446,25.02857142857143,34.5,38.97222222222222,56.28333333333333,31.333333333333336,2.0833333333333335,32.58333333333333,18.875,regular
2021-05-23,12.333333333333334,10.2,13.604166666666666,56.1,24.407407407407405,30.214285714285715,22.666666666666668,27.22222222222222,38.111111111111114,26.03333333333333,24.857142857142858,4.583333333333333,34.583333333333336,20.433333333333334,regular
2021-05-24,22.4375,21.0,11.226190476190476,48.093333333333334,23.458333333333332,27.47142857142857,18.895833333333332,32.857142857142854,42.638888888888886,,34.11111111111111,4.666666666666667,37.5,25.357142857142858,
2021-05-25,,22.666666666666668,13.166666666666666,47.32,18.791666666666664,26.375,26.88095238095238,27.5,30.133333333333333,48.142857142857146,31.13888888888889,4.25,44.5,24.407407407407405,
2021-05-26,,21.0,13.059523809523808,57.75,25.75,30.8,28.76666666666667,34.44444444444444,31.693333333333335,47.08333333333333,24.05,4.857142857142857,34.16666666666667,16.27777777777778,regular
2021-05-27,,12.111111111111112,11.613333333333333,52.10476190476191,21.875,36.833333333333336,28.785714285714285,44.33333333333333,32.18571428571429,56.714285714285715,32.083333333333336,3.5,53.4,20.38888888888889,regular
2021-05-28,6.75,10.666666666666666,10.3125,50.666666666666664,22.25,27.1,24.7,31.34393939393939,43.55,50.9,18.066666666666666,3.5,53.333333333333336,21.59090909090909,
2021-05-29,,12.625,14.173333333333336,61.285714285714285,15.333333333333334,17.833333333333332,11.6,36.5,32.8,52.3,24.333333333333332,4.5,41.5,26.6875,
2021-05-30,4.666666666666667,11.916666666666668,17.333333333333332,56.55555555555556,19.30952380952381,26.68,30.785714285714285,37.214285714285715,41.583333333333336,38.23809523809524,23.714285714285715,,40.625,19.77777777777778,peak
2021-05-31,18.25,12.0,18.866666666666667,42.27777777777778,38.05555555555555,26.0,25.071428571428573,33.0625,39.857142857142854,43.0,24.3,4.933333333333333,27.8125,21.11111111111111,peak
2021-06-01,,,,53.5,23.11111111111111,17.666666666666668,33.904761904761905,33.08,43.333333333333336,45.875,35.5625,2.8,32.97777777777778,24.75,peak
2021-06-02,18.666666666666668,22.416666666666668,14.239583333333334,63.44285714285714,25.7,22.23333333333333,38.041666666666664,25.125,38.04166666666667,33.25,26.9,5.375,44.7,23.142857142857142,regular
2021-06-03,7.0,8.0,12.861111111111112,44.9537037037037,34.75,25.095238095238095,24.477272727272727,46.51428571428572,43.06481481481481,33.24444444444445,31.023809523809522,7.25,41.71111111111111,26.05,regular
2021-06-04,,8.7,15.083333333333334,52.416666666666664,24.03968253968254,25.761904761904763,34.04761904761905,44.785714285714285,40.5,42.8,22.541666666666664,,36.57142857142857,25.1,regular
2021-06-05,12.833333333333334,,23.928571428571427,51.45,22.861111111111114,26.0,26.402777777777782,34.053703703703704,42.94444444444444,34.285714285714285,28.6,8.0,36.0,19.2,
2021-06-06,,16.1,15.80952380952381,44.75555555555556,25.071428571428573,27.2,28.96,34.125,47.6,29.571428571428573,20.11904761904762,8.0,44.45238095238095,19.208333333333332,regular
2021-06-07,9.5,11.0,16.93333333333333,44.3,17.4,22.7,20.4,39.214285714285715,48.916666666666664,36.66938775510204,31.06666666666667,3.2222222222222228,34.7,37.47222222222222,regular
2021-06-08,8.666666666666666,21.333333333333332,12.805555555555555,47.166666666666664,27.2,,32.479166666666664,41.42857142857143,45.42857142857143,30.892857142857142,21.01851851851852,7.666666666666667,32.673469387755105,23.63095238095238,
2021-06-09,17.0,10.916666666666666,12.021428571428572,58.31944444444444,22.380952380952383,34.375,35.4,30.027777777777775,44.88095238095239,50.94444444444445,38.225,10.666666666666666,36.916666666666664,20.958333333333336,regular
2021-06-10,,,20.357142857142858,46.75,18.333333333333332,,25.125,38.833333333333336,35.7,53.675,41.166666666666664,11.0,38.0,15.944444444444445,
2021-06-11,12.166666666666666,,16.305555555555554,34.1,19.166666666666664,18.25,27.27777777777778,45.785714285714285,46.25,43.785714285714285,27.928571428571427,8.6,48.15833333333333,18.236363636363635,
2021-06-12,13.111111111111109,14.833333333333334,13.907407407407408,62.5,32.1,,18.666666666666668,26.85,43.041666666666664,63.07142857142857,27.0,10.5,44.16666666666667,21.447916666666668,
2021-06-13,,19.166666666666668,17.3,58.63541666666667,24.63125,21.678571428571427,32.833333333333336,38.5,44.083333333333336,25.125,33.083333333333336,2.5,45.357142857142854,17.4,regular
2021-06-14,,,15.4,52.2,37.916666666666664,22.75,33.36111111111111,28.38095238095238,,57.625,28.296296296296294,5.5,47.06666666666667,23.047619047619047,regular
2021-06-15,15.1,14.9,,51.42857142857143,34.333333333333336,16.233333333333334,7.928571428571429,44.68333333333334,38.11111111111111,46.53333333333333,28.88888888888889,9.75,39.95,28.136363636363637,regular
2021-06-16,,25.466666666666665,27.0,75.66666666666667,23.194444444444443,30.957142857142856,6.697916666666667,47.095238095238095,45.416666666666664,51.5,16.333333333333332,10.8,23.166666666666668,23.333333333333332,regular
2021-06-17,21.333333333333332,7.875,14.277777777777779,69.12,31.342857142857145,29.75,13.24074074074074,32.94444444444444,53.111111111111114,45.22222222222222,19.333333333333332,2.8333333333333335,21.76388888888889,23.86111111111111,regular
2021-06-18,,18.666666666666664,12.520833333333334,52.92857142857143,24.400000000000002,28.708333333333332,3.619047619047619,42.4,34.104166666666664,25.9,15.7,6.625,25.142857142857142,24.0,regular
2021-06-19,17.3,,14.0,49.1875,15.0,22.6,4.611111111111111,38.271428571428565,45.47222222222222,35.375,19.125,4.4,30.916666666666668,27.333333333333332,regular
2021-06-20,,9.0,15.27222222222222,52.92333333333333,20.76388888888889,21.25,5.125,47.875,40.583333333333336,39.0,,,22.85,25.2,regular
2021-06-21,17.333333333333332,,16.475,,33.0,21.333333333333332,8.238095238095237,42.22222222222222,38.96,32.666666666666664,15.0625,7.333333333333333,26.625,20.214285714285715,regular
2021-06-22,17.0,10.833333333333334,13.694444444444443,49.0,21.458333333333332,,9.796296296296298,38.357142857142854,42.18571428571429,57.52,20.428571428571427,5.6,25.785714285714285,18.74074074074074,regular
2021-06-23,,21.25,16.894444444444446,55.50925925925926,20.055555555555557,28.166666666666668,12.142857142857142,39.61111111111111,84.0,44.25,28.8,6.0,37.8,23.595238095238095,regular
2021-06-24,18.75,17.0,19.3,61.875,24.75,26.75,9.571428571428571,39.6,60.0,51.86904761904761,32.80952380952381,7.547619047619048,39.0,25.416666666666668,regular
2021-06-25,15.333333333333334,11.733333333333334,20.75,70.78571428571429,19.052083333333332,29.5,7.547619047619047,27.8,44.125,56.6,25.0,6.194444444444444,31.277777777777775,21.61111111111111,regular
2021-06-26,,9.5,19.952380952380953,54.766666666666666,21.928571428571427,22.166666666666668,4.964285714285714,45.958333333333336,50.0,36.916666666666664,27.857142857142858,4.7,26.059523809523807,22.535714285714285,regular
2021-06-27,22.0,12.3,19.2,97.3,14.7,,8.166666666666666,,46.97222222222222,33.25,21.0,10.75,30.6,26.72222222222222,regular
2021-06-28,23.444444444444443,19.0,12.75,,22.833333333333332,,12.75,44.96666666666667,55.5,45.06666666666666,26.333333333333332,,37.0,28.729166666666668,peak
2021-06-29,,7.833333333333333,25.533333333333335,81.3,21.26666666666667,29.0,,34.0,44.125,52.333333333333336,27.4,8.083333333333334,,27.55,regular
2021-06-30,,15.666666666666666,26.625,89.25,37.5,21.6,13.083333333333332,37.0,52.625,44.583333333333336,29.305555555555557,5.333333333333333,41.27777777777778,27.0,peak
2021-07-01,,19.5,38.375,62.79166666666667,21.8,20.833333333333332,7.104166666666667,38.25,,,16.8,6.666666666666667,33.6,16.5625,peak
2021-07-02,,,20.0,,15.8125,,11.1,42.1,49.214285714285715,42.0,17.0,3.6666666666666665,23.0,19.6875,peak
2021-07-03,,6.0,21.232142857142858,69.875,,20.75,5.516666666666667,40.333333333333336,43.875,22.0,14.666666666666666,10.2,16.25,17.291666666666668,peak
2021-07-04,,11.4,11.981481481481481,68.2,23.166666666666668,15.777777777777777,13.7,41.333333333333336,,44.833333333333336,15.708333333333334,3.5833333333333335,29.75,23.0,peak
2021-07-05,,20.666666666666668,18.75,70.66666666666667,27.1,24.291666666666664,7.166666666666667,37.0,38.9,49.333333333333336,15.0,8.8,,17.0,peak
2021-07-06,,,,,25.305555555555554,28.2,12.928571428571429,43.8,,34.0,10.428571428571429,11.833333333333334,26.0,30.125,peak
2021-07-07,,23.833333333333332,17.11111111111111,82.53571428571429,26.566666666666663,32.111111111111114,9.65625,,45.75,34.333333333333336,11.5,5.6,25.5,27.333333333333332,peak
2021-07-08,23.0,10.8,19.2,65.83333333333333,33.583333333333336,27.555555555555557,,34.125,40.666666666666664,72.0,14.138888888888891,,43.583333333333336,34.48148148148148,peak
2021-07-09,18.333333333333332,10.666666666666666,22.7,,23.4,18.75,12.95,,45.833333333333336,34.77777777777778,12.25,,31.319444444444443,23.735714285714288,peak
2021-07-10,,18.166666666666668,18.392857142857142,78.125,27.388888888888886,32.0,16.375,,45.5,47.0,16.34,8.5,32.0,38.97222222222222,peak
2021-07-11,,15.625,17.625,72.54166666666667,20.785714285714285,29.333333333333332,6.8,30.416666666666664,48.0,,11.5625,6.75,31.375,34.0,peak
2021-07-12,,25.666666666666668,31.0,,27.0,,15.239583333333334,,56.25,53.875,12.6,,31.260416666666668,28.66969696969697,peak
2021-07-13,,22.75,31.9,103.16666666666667,24.458333333333332,,16.72222222222222,,37.666666666666664,62.666666666666664,15.761904761904761,8.166666666666668,47.166666666666664,28.3030303030303,peak
2021-07-14,,25.333333333333332,25.75,116.58333333333333,25.666666666666668,27.833333333333332,19.864583333333332,43.666666666666664,,54.733333333333334,17.933333333333334,12.785714285714286,44.875,29.604166666666664,peak
2021-07-15,,22.25,17.48148148148148,74.0,44.107142857142854,26.4375,12.25925925925926,44.666666666666664,60.42857142857143,90.66666666666667,15.383333333333333,10.833333333333334,49.4375,36.8125,peak
2021-07-16,,17.0,19.0625,,21.916666666666668,26.0,14.364583333333332,68.66666666666667,59.875,,10.75,3.2,38.96666666666667,30.666666666666668,peak
2021-07-17,17.666666666666668,18.166666666666668,16.8,75.6875,17.25,,12.144444444444444,59.416666666666664,,61.5,13.714285714285714,6.25,29.833333333333332,25.277777777777775,peak
2021-07-18,,12.666666666666666,,61.333333333333336,24.416666666666668,21.833333333333332,16.375,,,,16.875,,37.791666666666664,28.5,peak
2021-07-19,27.333333333333332,16.4,20.75,76.83333333333333,,,7.222222222222222,48.8,,41.5,17.928571428571427,9.083333333333334,,33.614285714285714,peak
2021-07-20,,,,,27.0,,18.1,47.25,,77.66666666666667,13.611111111111109,7.625,57.416666666666664,39.97619047619048,peak
2021-07-21,22.333333333333332,16.875,20.041666666666664,,43.5,,15.5625,,77.8,,16.333333333333332,,,32.333333333333336,peak
2021-07-22,28.0,22.666666666666668,16.452380952380953,66.11111111111111,26.833333333333332,,15.708333333333334,68.33333333333333,,,20.875,5.5,45.388888888888886,34.75,peak
2021-07-23,,19.75,,79.44444444444444,27.833333333333332,30.0,12.462962962962962,,,68.33333333333333,11.75,7.0,52.75,34.44444444444444,peak
2021-07-24,,21.666666666666668,,65.33333333333333,40.166666666666664,34.1,15.194444444444445,47.5,54.166666666666664,48.44444444444445,12.5,,35.888888888888886,32.4375,peak
2021-07-25,,10.666666666666666,12.625,,24.0,29.0,15.6875,45.0,57.208333333333336,53.3,13.854166666666666,3.5,42.05,21.791666666666668,peak
2021-07-26,,21.666666666666668,20.333333333333332,,23.0,13.0,16.944444444444443,,,,14.933333333333334,,42.125,25.625,peak
2021-07-27,,16.0,20.11111111111111,107.0,12.0,26.2,18.523809523809526,56.0,57.944444444444436,61.1,15.125,10.375,52.833333333333336,28.5,peak
2021-07-28,,,19.333333333333332,100.25,27.75,23.0,11.916666666666666,29.125,,,17.3125,10.5,48.833333333333336,24.52,peak
2021-07-29,31.0,,19.5,80.64285714285714,37.25,32.5,17.083333333333332,53.1,,,13.4375,13.625,44.666666666666664,27.1,peak
2021-07-30,35.666666666666664,19.285714285714285,13.074074074074074,88.13333333333333,35.44444444444445,19.5,12.704081632653061,56.42857142857143,,65.5,13.666666666666666,5.1,51.06,29.900000000000002,peak
2021-07-31,18.333333333333332,13.833333333333334,10.450000000000001,79.60416666666667,20.907142857142855,21.125,10.416666666666666,51.1,46.5,41.06666666666667,8.992857142857144,4.333333333333334,24.333333333333332,23.555555555555557,peak
2021-08-01,,,10.5,46.166666666666664,11.5,,8.344871794871795,43.375,46.46,49.625,8.971428571428572,3.6666666666666665,33.535714285714285,30.75,peak
2021-08-02,14.333333333333334,12.333333333333334,20.333333333333332,66.625,18.88888888888889,,12.488888888888889,55.416666666666664,62.333333333333336,45.1875,15.071428571428571,10.055555555555555,,23.2125,peak
2021-08-03,,19.666666666666668,14.8,69.0,22.3875,31.555555555555554,13.644444444444444,46.82142857142857,61.666666666666664,70.875,15.640873015873018,5.095238095238095,32.3,30.555555555555557,peak
2021-08-04,,19.416666666666668,15.475,76.33333333333333,24.875,32.2,10.2,42.5,45.05555555555555,64.9,17.625,10.25,54.416666666666664,24.458333333333332,peak
2021-08-05,,18.125,19.7,80.96875,31.6,,10.055555555555555,46.166666666666664,59.57142857142857,79.0875,16.547619047619047,,44.08,25.557142857142857,peak
2021-08-06,,13.666666666666666,16.48125,61.07142857142857,26.958333333333332,26.125,9.6875,38.38,38.958333333333336,41.0,10.925925925925926,7.833333333333333,35.83333333333333,19.649350649350648,peak
2021-08-07,,12.777777777777779,17.7,65.80555555555556,24.583333333333332,19.733333333333334,13.24074074074074,30.75,29.229166666666664,34.9,12.714285714285714,6.666666666666666,29.625,23.075757575757574,peak
2021-08-08,,,12.0,63.46666666666666,18.0,25.194444444444443,13.607142857142858,31.4,55.166666666666664,38.86666666666667,9.0,2.6666666666666665,40.833333333333336,18.716666666666665,peak
2021-08-09,14.875,13.0,13.8,41.6,10.5,21.4,13.35,42.1875,39.875,60.642857142857146,9.678571428571429,6.833333333333333,51.333333333333336,29.136363636363637,peak
2021-08-10,20.666666666666668,11.75,8.295238095238094,59.888888888888886,18.555555555555554,24.809523809523807,13.125,31.875,44.0,47.1,12.958333333333334,,37.0,25.51851851851852,peak
2021-08-11,17.375,5.666666666666667,5.0,43.72222222222222,4.0,16.666666666666668,8.383333333333333,31.833333333333332,,40.83333333333333,12.566666666666666,5.0,38.25,27.51851851851852,peak
2021-08-12,9.333333333333334,,7.3,50.72222222222222,8.6,17.833333333333332,9.7,28.375,37.4,39.3,8.277777777777779,2.5,34.625,22.202380952380953,peak
2021-08-13,16.0,9.0,8.785714285714286,48.8125,10.083333333333332,18.770833333333332,9.285714285714286,24.541666666666668,,28.666666666666668,6.2,,25.833333333333336,18.3125,peak
2021-08-14,13.333333333333334,9.333333333333334,7.8,31.266666666666662,12.8,18.225,3.4,22.633333333333333,17.8,27.427083333333336,7.7,4.75,10.375,19.240740740740744,peak
2021-08-15,,5.0,6.0,33.65833333333333,11.0,17.0,9.807407407407407,21.6,32.5,34.333333333333336,,,29.083333333333332,14.0,peak
2021-08-16,13.375,,,32.64,4.666666666666667,11.75,6.425925925925926,30.25,,31.214285714285715,7.285714285714286,,33.958333333333336,22.875,peak
2021-08-17,12.583333333333334,,4.125,28.0,7.666666666666667,,5.844444444444445,20.14814814814815,33.625,30.208333333333336,,,33.714285714285715,26.047619047619047,value
2021-08-18,,,3.9299999999999997,25.583333333333332,7.0,16.666666666666664,4.625,26.714285714285715,30.571428571428573,22.466666666666665,8.708333333333334,5.5,22.333333333333336,15.5,value
2021-08-19,8.944444444444445,,6.8125,38.125,8.0,21.9375,5.75,21.833333333333332,28.8125,24.703703703703706,5.625,5.25,19.475,15.010606060606062,value
2021-08-20,,,3.8125,24.80612244897959,6.642857142857143,16.583333333333332,4.991666666666667,20.0,25.65,26.416666666666668,5.766666666666667,,24.125,19.746666666666666,value
2021-08-21,7.666666666666667,6.666666666666667,6.085714285714286,28.56666666666667,6.777777777777778,17.142857142857142,6.020408163265306,19.9,,20.833333333333332,8.375,,15.847222222222223,13.642857142857142,value
2021-08-22,12.333333333333334,,6.666666666666667,37.416666666666664,6.5625,16.375,5.4,21.0625,29.75,22.016666666666666,5.5,3.3333333333333335,15.466666666666665,12.364583333333334,peak
2021-08-23,,,4.25,25.76190476190476,8.666666666666666,20.625,10.375,20.571428571428573,39.666666666666664,30.2,6.833333333333333,1.25,25.96666666666666,17.214285714285715,peak
2021-08-24,17.88888888888889,,3.9,20.8,11.166666666666666,14.4,2.6875,24.8,30.38888888888889,27.1,5.5,3.6666666666666665,15.65625,21.61111111111111,value
2021-08-25,20.666666666666668,,4.125,33.33333333333333,,18.333333333333332,3.0,17.166666666666668,20.5625,28.77777777777778,8.666666666666666,3.8,27.1875,17.416666666666668,value
2021-08-26,7.666666666666667,,3.7,23.266666666666666,4.75,,3.642857142857143,23.06666666666667,18.966666666666665,26.15625,,,7.739583333333333,18.642857142857142,value
2021-08-27,,,4.5,19.4,8.0,14.111111111111112,4.083333333333333,,28.333333333333332,21.666666666666668,7.097222222222222,2.25,,7.833333333333333,value
2021-08-28,,,6.7,25.11111111111111,9.0,13.041666666666666,4.770833333333333,19.866666666666667,25.25,21.529761904761905,7.222222222222221,3.3333333333333335,10.738095238095239,15.875,value
2021-08-29,14.166666666666666,,5.35,33.75,,13.833333333333334,3.6388888888888893,18.041666666666668,18.4375,23.26598639455782,10.571428571428571,4.5,6.555555555555555,11.479166666666666,value
2021-08-30,,,,11.25,,,2.75,7.625,23.033333333333335,27.541666666666664,6.5,,12.583333333333332,12.785714285714286,value
2021-08-31,,,,19.5,,,2.5,6.555555555555556,,14.086666666666668,,,1.4444444444444446,10.75,value
